stage,rmse,mae,crps,coverage90,width90
step_8,48.30809783935547,38.28937911987305,32.291713891048275,0.375,40.284734981400625
step_16,45.932987213134766,36.49839782714844,33.87530805407062,0.14285714285714285,14.765550259181428
step_24,43.734352111816406,34.87139129638672,31.22017403774791,0.20535714285714285,21.486160625730236
step_32,42.74678039550781,33.99457931518555,28.11185450260601,0.35714285714285715,39.43052835464477
step_40,42.71611785888672,33.95331573486328,26.809369610888616,0.5,52.99659340381621
step_48,43.629249572753906,34.60374069213867,26.87824829892506,0.5714285714285714,62.181054922512594
step_56,44.5638542175293,35.30630111694336,27.251478163022846,0.5982142857142857,67.34066877365112
step_64,44.67460632324219,35.39769744873047,27.23437605774592,0.6071428571428571,69.16528396606444
final_postprocessed,37.70055389404297,30.44083023071289,23.958751629742363,0.44642857142857145,46.13372741086141
