rmse,mae,crps,coverage90,width90,w,g,objective
28.19308378875006,21.459326315270847,19.68253698269718,0.21686746987951808,13.005795722409903,0.0,0.5,25.147597223661034
28.19308391775506,21.45932642373694,18.99395352152744,0.3060240963855422,19.50869358361486,0.0,0.75,23.745760750443104
28.1930840467601,21.45932653220303,18.41475162669262,0.36626506024096384,26.01159144481981,0.0,1.0,22.68463114476491
28.193084175765176,21.459326640669122,17.92464867531535,0.43373493975903615,32.51448930602476,0.0,1.25,21.65476915724306
28.19308430477029,21.459326749135215,17.533461223429942,0.5156626506024097,39.01738716722971,0.0,1.5,20.608160018610665
28.193084433775454,21.459326857601305,17.228902599133644,0.5879518072289157,45.520285028434664,0.0,1.75,19.725288141302318
28.193084562780655,21.459326966067394,16.99485407087027,0.6433734939759036,52.023182889639614,0.0,2.0,19.047866119063045
28.193084691785895,21.459327074533483,16.81546405205669,0.7108433734939759,58.52608075084457,0.0,2.25,18.328717064104882
28.19308482079117,21.459327182999576,16.686372239158814,0.7397590361445783,65.02897861204951,0.0,2.5,17.968299950002187
28.193084949796496,21.45932729146567,16.60505175200428,0.7734939759036145,71.53187647325447,0.0,2.75,17.61709994477536
28.193085078801854,21.45932739993176,16.55842611733402,0.8024096385542169,78.03477433445944,0.0,3.0,17.339149008900286
28.193085207807254,21.459327508397852,16.545926084880367,0.8240963855421687,84.53767219566437,0.0,3.25,17.153155000543016
28.193085336812697,21.459327616863938,16.562157918367042,0.8506024096385543,91.04057005686934,0.0,3.5,16.95733864125861
28.193085465818175,21.45932772533003,16.596705449489225,0.8650602409638555,97.54346791807427,0.0,3.75,16.876223521778382
28.1930855948237,21.459327833796124,16.648061537777085,0.8795180722891566,104.04636577927923,0.0,4.0,16.811916959463833
28.19308572382926,21.459327942262213,16.71678771379195,0.9108433734939759,110.5492636404842,0.0,4.25,16.803534701743757
28.19308585283486,21.459328050728306,16.805802880700814,0.9156626506024096,117.05216150168913,0.0,4.5,16.93110408552009
28.193085981840504,21.459328159194392,16.909461579317068,0.9253012048192771,123.55505936289411,0.0,4.75,17.111871217871283
28.19308611084618,21.459328267660485,17.023763244238246,0.9325301204819277,130.05795722409903,0.0,5.0,17.28400420809367
28.193086239851908,21.459328376126578,17.150026549896562,0.9421686746987952,136.560855085304,0.0,5.25,17.487375947486925
28.193086368857667,21.459328484592668,17.285412347414407,0.9493975903614458,143.06375294650894,0.0,5.5,17.680593070305974
28.193086497863472,21.45932859305876,17.430411966122776,0.9518072289156626,149.5666508077139,0.0,5.75,17.844869797448077
28.193086626869313,21.459328701524846,17.584296871001463,0.9542168674698795,156.06954866891886,0.0,6.0,18.018031810760498
28.193086755875193,21.45932880999094,17.745006351097523,0.9542168674698795,162.57244653012378,0.0,6.25,18.178741290856557
28.19308688488112,21.459328918457032,17.91034686953763,0.9614457831325302,169.07534439132874,0.0,6.5,18.40191313459787
28.193087013887084,21.459329026923122,18.08053768730738,0.9614457831325302,175.57824225253376,0.0,6.75,18.57210395236762
28.193087142893088,21.459329135389215,18.256055802425703,0.9662650602409638,182.08114011373866,0.0,7.0,18.786176284353413
28.19308727189913,21.4593292438553,18.436727959156038,0.9686746987951808,188.58403797494364,0.0,7.25,18.98612554951748
28.193087400905213,21.459329352321394,18.61971383824406,0.9734939759036144,195.08693583614854,0.0,7.5,19.207665645472975
28.19308752991134,21.459329460787487,18.80627476290622,0.9759036144578314,201.5898336973535,0.0,7.75,19.413503678568873
28.193087658917506,21.459329569253576,18.997158825150454,0.9759036144578314,208.09273155855848,0.0,8.0,19.604387740813102
27.390076908183385,20.886306466837965,19.1550001640722,0.2216867469879518,12.361402895519534,0.05,0.5,24.581506188168586
27.39007703017311,20.88630657800996,18.484767852659687,0.2987951807228916,18.5421043432793,0.05,0.75,23.294406406876554
27.39007715216287,20.88630668918196,17.91188985618913,0.37349397590361444,24.722805791039065,0.05,1.0,22.123938048960216
27.390077274152677,20.88630680035396,17.425482695140037,0.42891566265060244,30.903507238798838,0.05,1.25,21.194157393935217
27.390077396142516,20.886306911525963,17.028640660372126,0.5084337349397591,37.0842086865586,0.05,1.5,20.161170780854054
27.39007751813239,20.88630702269796,16.716744789568775,0.5831325301204819,43.26491013431837,0.05,1.75,19.25168454860492
27.390077640122303,20.886307133869952,16.47151794118766,0.6409638554216868,49.44561158207813,0.05,2.0,18.543807097814167
27.39007776211225,20.886307245041948,16.281019973344115,0.7012048192771084,55.6263130298379,0.05,2.25,17.871381419127246
27.390077884102237,20.88630735621395,16.137735744045443,0.7397590361445783,61.807014477597676,0.05,2.5,17.419663454888816
27.39007800609226,20.886307467385947,16.04108613051277,0.7710843373493976,67.98771592535743,0.05,2.75,17.07241143171759
27.390078128082326,20.886307578557947,15.97938366769308,0.7951807228915663,74.1684173731172,0.05,3.0,16.81793788456055
27.390078250072428,20.886307689729946,15.947936406017785,0.8240963855421687,80.34911882087697,0.05,3.25,16.555165321680434
27.39007837206256,20.886307800901942,15.949310566815987,0.8530120481927711,86.52982026863674,0.05,3.5,16.325214181273818
27.390078494052737,20.886307912073935,15.969096214613284,0.8650602409638555,92.71052171639651,0.05,3.75,16.24861428690244
27.390078616042945,20.88630802324594,16.003893759003606,0.8819277108433735,98.89122316415626,0.05,4.0,16.148472072256617
27.390078738033196,20.886308134417938,16.054238937139512,0.8987951807228916,105.07192461191602,0.05,4.25,16.06387749135638
27.390078860023483,20.886308245589934,16.123919802211855,0.9228915662650602,111.25262605967579,0.05,4.5,16.307052332332336
27.390078982013808,20.886308356761933,16.209546468990396,0.9253012048192771,117.43332750743556,0.05,4.75,16.41195610754461
27.390079104004172,20.88630846793393,16.30582711485208,0.9397590361445783,123.61402895519535,0.05,5.0,16.623899404008704
27.390079225994565,20.88630857910593,16.414286779642104,0.944578313253012,129.7947304029551,0.05,5.25,16.7709132856662
27.390079347985008,20.88630869027793,16.531735549886545,0.9542168674698795,135.97543185071484,0.05,5.5,16.965470489645583
27.390079469975483,20.88630880144993,16.658013938286217,0.9566265060240964,142.15613329847463,0.05,5.75,17.11102598647899
27.390079591965993,20.88630891262192,16.79410318907772,0.9614457831325302,148.3368347462344,0.05,6.0,17.28566945413796
27.39007971395654,20.88630902379392,16.937562347340297,0.9614457831325302,154.51753619399415,0.05,6.25,17.42912861240054
27.390079835947127,20.886309134965924,17.086081721116265,0.9686746987951808,160.69823764175393,0.05,6.5,17.63547931147771
27.39007995793775,20.88630924613792,17.24039372440993,0.9710843373493976,166.8789390895137,0.05,6.75,17.80906842320511
27.39008007992841,20.886309357309916,17.398809467511004,0.9710843373493976,173.05964053727348,0.05,7.0,17.967484166306186
27.39008020191911,20.886309468481915,17.563145734290043,0.9734939759036144,179.24034198503324,0.05,7.25,18.151097541518958
27.39008032390985,20.886309579653915,17.730911162301716,0.9759036144578314,185.42104343279303,0.05,7.5,18.33814007796437
27.39008044590062,20.886309690825918,17.902134863959738,0.983132530120482,191.6017448805528,0.05,7.75,18.56719510492359
27.39008056789143,20.886309801997914,18.077617800930895,0.983132530120482,197.78244632831252,0.05,8.0,18.74267804189475
26.61146598286823,20.324423939900225,18.642876311011484,0.21927710843373494,11.71892596241365,0.1,0.5,24.088659443541605
26.611466097686584,20.324424044735462,17.991933725191025,0.29156626506024097,17.578388943620478,0.1,0.75,22.859403604709097
26.611466212504975,20.324424149570692,17.42718526237442,0.35180722891566263,23.4378519248273,0.1,1.0,21.81272743104912
26.6114663273234,20.32442425440593,16.94292250555395,0.42650602409638555,29.297314906034128,0.1,1.25,20.730874312782863
26.61146644214186,20.324424359241167,16.54555954182981,0.5012048192771085,35.156777887240956,0.1,1.5,19.735920987612943
26.611466556960355,20.324424464076397,16.22483502404029,0.563855421686747,41.01624086844778,0.1,1.75,18.913991650546315
26.61146667177888,20.32442456891163,15.971468651815206,0.6289156626506024,46.8757038496546,0.1,2.0,18.140143350610387
26.61146678659745,20.324424673746872,15.771814566033717,0.689156626506024,52.73516683086144,0.1,2.25,17.458561553985525
26.611466901416044,20.324424778582102,15.61867626427455,0.727710843373494,58.594629812068256,0.1,2.5,16.996989517286597
26.611467016234673,20.324424883417336,15.508743481341329,0.763855421686747,64.4540927932751,0.1,2.75,16.59790010784735
26.61146713105334,20.324424988252574,15.43469664771528,0.7831325301204819,70.31355577448191,0.1,3.0,16.369636406751425
26.611467245872046,20.324425093087807,15.38913475778936,0.8168674698795181,76.17301875568873,0.1,3.25,16.054194998753218
26.61146736069078,20.32442519792304,15.375948347136486,0.8433734939759037,82.03248173689556,0.1,3.5,15.828960395329258
26.611467475509556,20.32442530275827,15.388478071209898,0.8578313253012049,87.89194471810241,0.1,3.75,15.725827468800258
26.611467590328363,20.324425407593505,15.415165935396862,0.8698795180722891,93.7514076993092,0.1,4.0,15.65612979081855
26.611467705147202,20.324425512428743,15.454594319624496,0.8867469879518072,99.61087068051604,0.1,4.25,15.560618416010039
26.61146781996608,20.324425617263977,15.51332752036244,0.9180722891566265,105.47033366172288,0.1,4.5,15.657905833615452
26.61146793478499,20.32442572209921,15.588286783852062,0.9228915662650602,111.32979664292968,0.1,4.75,15.771419313972544
26.611468049603932,20.32442582693444,15.676535259028515,0.9349397590361446,117.18925962413651,0.1,5.0,15.956053331317673
26.611468164422913,20.32442593176968,15.775750700627176,0.9421686746987952,123.04872260534334,0.1,5.25,16.113100098217537
26.61146827924193,20.324426036604915,15.885311664819142,0.9518072289156626,128.9081855865502,0.1,5.5,16.299769496144442
26.611468394060978,20.324426141440156,16.00422241540185,0.9542168674698795,134.767648567757,0.1,5.75,16.437957355160883
26.611468508880062,20.324426246275387,16.13061366355161,0.9566265060240964,140.62711154896382,0.1,6.0,16.583625711744382
26.61146862369918,20.32442635111062,16.266239394420598,0.9614457831325302,146.48657453017063,0.1,6.25,16.757805659480837
26.611468738518333,20.32442645594585,16.409458781323952,0.9686746987951808,152.34603751137746,0.1,6.5,16.9588563716854
26.61146885333752,20.324426560781088,16.557594049292298,0.9710843373493976,158.2055004925843,0.1,6.75,17.12626874808748
26.611468968156743,20.324426665616325,16.710740774405146,0.9710843373493976,164.06496347379112,0.1,7.0,17.279415473200327
26.611469082976,20.324426770451552,16.869145224463796,0.9734939759036144,169.92442645499793,0.1,7.25,17.45709703169271
26.611469197795294,20.324426875286793,17.033271498203277,0.9759036144578314,175.78388943620482,0.1,7.5,17.64050041386593
26.61146931261462,20.32442698012203,17.201330939641633,0.9783132530120482,181.64335241741156,0.1,7.75,17.82783696373802
26.61146942743398,20.32442708495726,17.373306507423127,0.980722891566265,187.5028153986184,0.1,8.0,18.019089639953247
25.859454744501836,19.774548752405554,18.14682211922163,0.21686746987951808,11.081146623358672,0.15000000000000002,0.5,23.611882360185483
25.859454851989756,19.774548851024672,17.510165963033593,0.2819277108433735,16.621719935038005,0.15000000000000002,0.75,22.454744276286604
25.859454959477713,19.77454894964379,16.953846533746603,0.344578313253012,22.162293246717343,0.15000000000000002,1.0,21.397220027722508
25.8594550669657,19.774549048262905,16.47744792415579,0.41204819277108434,27.70286655839668,0.15000000000000002,1.25,20.381062381987114
25.85945517445372,19.774549146882027,16.0775374529017,0.4867469879518072,33.24343987007601,0.15000000000000002,1.5,19.383561549287244
25.859455281941774,19.774549245501138,15.753193256399717,0.5493975903614458,38.78401318175534,0.15000000000000002,1.75,18.55801253350815
25.859455389429858,19.774549344120256,15.4929901618383,0.6072289156626506,44.32458649343468,0.15000000000000002,2.0,17.835158836537097
25.859455496917974,19.77454944273937,15.287651391473162,0.6746987951807228,49.865159805114025,0.15000000000000002,2.25,17.09006103002738
25.859455604406122,19.77454954135849,15.129318271846657,0.7060240963855422,55.40573311679336,0.15000000000000002,2.5,16.68112550076232
25.859455711894306,19.774549639977604,15.010403356642607,0.7566265060240964,60.94630642847269,0.15000000000000002,2.75,16.157391308449835
25.859455819382518,19.774549738596722,14.928746830072745,0.7759036144578313,66.48687974015203,0.15000000000000002,3.0,15.921517914410096
25.859455926870762,19.77454983721584,14.875745745419017,0.8072289156626506,72.02745305183136,0.15000000000000002,3.25,15.617914420117813
25.859456034359035,19.77454993583495,14.853303851997996,0.8337349397590361,77.56802636351068,0.15000000000000002,3.5,15.383424333925706
25.859456141847343,19.77455003445407,14.85979400039437,0.8530120481927711,83.10859967519004,0.15000000000000002,3.75,15.235697614852201
25.859456249335686,19.774550133073188,14.882859872817994,0.8650602409638555,88.64917298686937,0.15000000000000002,4.0,15.16237794510715
25.859456356824058,19.774550231692306,14.919315777446851,0.8771084337349397,94.18974629854871,0.15000000000000002,4.25,15.102448307567332
25.859456464312462,19.774550330311413,14.971053114032172,0.9012048192771084,99.73031961022802,0.15000000000000002,4.5,14.980691668249039
25.859456571800898,19.77455042893053,15.04123982185197,0.9204819277108434,105.27089292190739,0.15000000000000002,4.75,15.205095243538718
25.859456679289366,19.774550527549653,15.12504632784947,0.9301204819277108,110.81146623358671,0.15000000000000002,5.0,15.366010183271156
25.85945678677787,19.774550626168764,15.220687372030982,0.9373493975903614,116.35203954526605,0.15000000000000002,5.25,15.519482552753873
25.8594568942664,19.774550724787883,15.327376882274468,0.944578313253012,121.89261285694538,0.15000000000000002,5.5,15.684003388298564
25.85945700175497,19.774550823406997,15.444428749818398,0.9518072289156626,127.43318616862473,0.15000000000000002,5.75,15.858886581143699
25.859457109243564,19.774550922026116,15.570305817604066,0.9542168674698795,132.97375948030404,0.15000000000000002,6.0,16.0040407573631
25.859457216732192,19.774551020645234,15.705580346631717,0.9566265060240964,138.51433279198335,0.15000000000000002,6.25,16.15859239482449
25.859457324220855,19.77455111926435,15.850811608351858,0.9710843373493976,144.0549061036627,0.15000000000000002,6.5,16.41948630714704
25.859457431709547,19.774551217883463,16.00324090161812,0.9734939759036144,149.59547941534206,0.15000000000000002,6.75,16.591192708847036
25.859457539198274,19.77455131650258,16.162218554364628,0.9734939759036144,155.13605272702137,0.15000000000000002,7.0,16.750170361593543
25.859457646687027,19.774551415121696,16.32826712850921,0.9734939759036144,160.6766260387007,0.15000000000000002,7.25,16.916218935738126
25.859457754175814,19.77455151374081,16.500450491500185,0.9759036144578314,166.21719935038007,0.15000000000000002,7.5,17.107679407162834
25.859457861664637,19.774551612359932,16.679010289357368,0.9783132530120482,171.75777266205938,0.15000000000000002,7.75,17.305516313453754
25.85945796915349,19.774551710979047,16.862503686284445,0.9783132530120482,177.29834597373872,0.15000000000000002,8.0,17.48900971038083
25.136430669706403,19.24132956787477,17.66852743560607,0.20240963855421687,10.459757981059063,0.2,0.5,23.249250327172334
25.13643076970433,19.24132965000566,17.042028323019554,0.27710843373493976,15.689636971588598,0.2,0.75,22.025160853140036
25.13643086970229,19.241329732136553,16.499568086610356,0.3349397590361446,20.919515962118126,0.2,1.0,21.0200500143212
25.136430969700278,19.241329814267445,16.032519820569508,0.39036144578313253,26.149394952647665,0.2,1.25,20.109628254304447
25.136431069698297,19.241329896398334,15.634991358046936,0.46987951807228917,31.379273943177196,0.2,1.5,19.07595521346862
25.136431169696348,19.24132997852923,15.309611560205667,0.5301204819277109,36.609152933706724,0.2,1.75,18.26864770478398
25.136431269694423,19.24133006066012,15.048119138345374,0.5927710843373494,41.83903192423626,0.2,2.0,17.505950463646577
25.13643136969253,19.24133014279101,14.837426573061656,0.6602409638554216,47.0689109147658,0.2,2.25,16.755498862218282
25.136431469690663,19.241330224921903,14.674006409334849,0.6987951807228916,52.29878990529533,0.2,2.5,16.283644963551716
25.13643156968883,19.241330307052795,14.550139451557754,0.7397590361445783,57.528668895824865,0.2,2.75,15.832067162401128
25.136431669687024,19.241330389183688,14.46262123602442,0.7686746987951807,62.75854788635439,0.2,3.0,15.513223645662976
25.136431769685252,19.241330471314583,14.406417584265283,0.7975903614457831,67.98842687688392,0.2,3.25,15.225694692699019
25.136431869683506,19.241330553445472,14.37565973393084,0.8192771084337349,73.21830586741345,0.2,3.5,15.021442866460962
25.136431969681787,19.24133063557636,14.375965201228498,0.8457831325301205,78.44818485794298,0.2,3.75,14.809700140987534
25.1364320696801,19.241330717707257,14.398144021312302,0.8554216867469879,83.6780638484725,0.2,4.0,14.754770527336397
25.13643216967844,19.241330799838146,14.436388554727026,0.8771084337349397,88.90794283900205,0.2,4.25,14.61952108484751
25.136432269676813,19.24133088196904,14.488432051114003,0.891566265060241,94.1378218295316,0.2,4.5,14.555901930632075
25.136432369675212,19.24133096409993,14.560029390459174,0.9180722891566265,99.36770082006112,0.2,4.75,14.704607703712187
25.13643246967364,19.241331046230822,14.649864638822622,0.9253012048192771,104.59757981059066,0.2,5.0,14.85227427737684
25.136432569672102,19.24133112836171,14.75435217355475,0.9373493975903614,109.82745880112019,0.2,5.25,15.053147354277641
25.13643266967059,19.241331210492604,14.871028948570158,0.9421686746987952,115.05733779164972,0.2,5.5,15.208378346160519
25.136432769669106,19.241331292623496,14.998172688146386,0.9493975903614458,120.28721678217924,0.2,5.75,15.393353411037953
25.136432869667654,19.241331374754388,15.134797043545273,0.9542168674698795,125.51709577270877,0.2,6.0,15.56853198330431
25.13643296966623,19.241331456885284,15.27969545819386,0.9590361445783132,130.74697476323828,0.2,6.25,15.751984614820365
25.13643306966484,19.241331539016173,15.434611451518968,0.9662650602409638,135.97685375376784,0.2,6.5,15.964731933446679
25.136433169663476,19.241331621147065,15.596764205914235,0.9686746987951808,141.20673274429737,0.2,6.75,16.14616179627568
25.13643326966214,19.241331703277954,15.766942782592771,0.9734939759036144,146.4366117348269,0.2,7.0,16.354894589821686
25.136433369660836,19.24133178540885,15.944771217171542,0.9734939759036144,151.66649072535643,0.2,7.25,16.532723024400457
25.13643346965956,19.24133186753974,16.12786134379743,0.9734939759036144,156.89636971588598,0.2,7.5,16.715813151026346
25.136433569658315,19.24133194967063,16.31755558511665,0.9783132530120482,162.1262487064155,0.2,7.75,16.944061609213037
25.136433669657094,19.241332031801523,16.515094396825585,0.9783132530120482,167.356127696945,0.2,8.0,17.14160042092197
24.444966008309525,18.734407963465497,17.211239811825465,0.19036144578313252,9.873253248283664,0.25,0.5,22.888348245560405
24.444966100660665,18.73440802648843,16.597895203867594,0.2746987951807229,14.809879872425496,0.25,0.75,21.600304842421814
24.444966193011833,18.734408089511366,16.068319839563713,0.3373493975903614,19.746506496567328,0.25,1.0,20.569524658840823
24.44496628536303,18.7344081525343,15.609958948507368,0.39518072289156625,24.683133120709154,0.25,1.25,19.648513165374837
24.44496637771425,18.734408215557238,15.218792525305805,0.4506024096385542,29.61975974485099,0.25,1.5,18.81397324819737
24.444966470065502,18.734408278580172,14.890174294139968,0.5204819277108433,34.55638636899282,0.25,1.75,17.926318872453223
24.444966562416777,18.734408341603107,14.624052489280702,0.5759036144578313,39.493012993134656,0.25,2.0,17.21682357361805
24.44496665476808,18.73440840462604,14.414786588673131,0.653012048192771,44.429639617276486,0.25,2.25,16.390690203130962
24.44496674711941,18.734408467648976,14.24984294849706,0.689156626506024,49.36626624141831,0.25,2.5,15.936589936448868
24.444966839470766,18.734408530671914,14.121823902717555,0.7253012048192771,54.30289286556015,0.25,2.75,15.519414264163338
24.44496693182215,18.734408593694848,14.029701872659016,0.7590361445783133,59.23951948970198,0.25,3.0,15.15741271603251
24.44496702417356,18.734408656717783,13.971358094886124,0.7807228915662651,64.17614611384381,0.25,3.25,14.925574962356004
24.444967116525,18.734408719740717,13.942503900737647,0.8144578313253013,69.11277273798564,0.25,3.5,14.626841250135236
24.444967208876463,18.734408782763655,13.943073548674581,0.8457831325301205,74.04939936212746,0.25,3.75,14.376808488433618
24.444967301227955,18.73440884578659,13.972655121883715,0.8578313253012049,78.98602598626931,0.25,4.0,14.310004519474077
24.44496739357947,18.734408908809524,14.020358446912592,0.8771084337349397,83.92265261041115,0.25,4.25,14.203490977033074
24.444967485931016,18.73440897183246,14.083909382277225,0.891566265060241,88.85927923455297,0.25,4.5,14.151379261795299
24.44496757828259,18.734409034855393,14.163731763393047,0.9060240963855422,93.79590585869481,0.25,4.75,14.211924534477383
24.44496767063419,18.73440909787833,14.261066886574389,0.927710843373494,98.73253248283662,0.25,5.0,14.48275363356234
24.44496776298581,18.734409160901265,14.373210264572178,0.9325301204819277,103.66915910697847,0.25,5.25,14.6334512284276
24.444967855337467,18.7344092239242,14.496531667045799,0.9397590361445783,108.6057857311203,0.25,5.5,14.814603956202426
24.444967947689143,18.734409286947134,14.633956984980998,0.944578313253012,113.54241235526212,0.25,5.75,14.990583491005093
24.44496804004085,18.734409349970072,14.78191848314814,0.9542168674698795,118.47903897940397,0.25,6.0,15.215653422907176
24.444968132392585,18.734409412993006,14.939786484234304,0.9566265060240964,123.41566560354578,0.25,6.25,15.392798532427076
24.444968224744347,18.73440947601594,15.107928626815955,0.9590361445783132,128.35229222768763,0.25,6.5,15.58021778344246
24.444968317096134,18.73440953903888,15.28634154643352,0.9686746987951808,133.28891885182946,0.25,6.75,15.835739136794967
24.44496840944795,18.73440960206181,15.473057440866906,0.9710843373493976,138.22554547597127,0.25,7.0,16.041732139662088
24.444968501799785,18.734409665084748,15.666674509466414,0.9710843373493976,143.1621721001131,0.25,7.25,16.235349208261596
24.444968594151653,18.734409728107682,15.865634182461775,0.9734939759036144,148.09879872425492,0.25,7.5,16.45358598969069
24.444968686503547,18.734409791130616,16.071025971460056,0.9783132530120482,153.03542534839679,0.25,7.75,16.697531995556442
24.44496877885547,18.734409854153554,16.28373412322998,0.9783132530120482,157.97205197253862,0.25,8.0,16.910240147326366
23.787813028655922,18.249873696982142,16.779650416366163,0.20481927710843373,9.349943110259185,0.30000000000000004,0.5,22.341096199498693
23.78781311321046,18.24987374052944,16.180480464526834,0.26265060240963856,14.024914665388774,0.30000000000000004,0.75,21.279275645249726
23.787813197765026,18.249873784076737,15.65594319967017,0.3325301204819277,18.699886220518366,0.30000000000000004,1.0,20.19570223581475
23.787813282319615,18.249873827624036,15.201874694407705,0.38795180722891565,23.37485777564796,0.30000000000000004,1.25,19.29826023657638
23.787813366874225,18.24987387117133,14.819818037020443,0.4433734939759036,28.04982933077755,0.30000000000000004,1.5,18.472830085213214
23.787813451428867,18.24987391471863,14.496963212806634,0.491566265060241,32.72480088590714,0.30000000000000004,1.75,17.764433092324705
23.787813535983524,18.249873958265923,14.229327704845566,0.5590361445783133,37.39977244103673,0.30000000000000004,2.0,16.95703854821906
23.787813620538213,18.24987400181322,14.018229095474497,0.6265060240963856,42.07474399616632,0.30000000000000004,2.25,16.206180902703412
23.787813705092923,18.24987404536052,13.851479350647294,0.6843373493975904,46.74971555129592,0.30000000000000004,2.5,15.57678055546657
23.787813789647654,18.249874088907816,13.72551097013462,0.7156626506024096,51.42468710642551,0.30000000000000004,2.75,15.200209765315343
23.787813874202417,18.249874132455115,13.63486214545606,0.7518072289156627,56.0996586615551,0.30000000000000004,3.0,14.820404314130759
23.787813958757198,18.24987417600241,13.579614337403514,0.7759036144578313,60.77463021668469,0.30000000000000004,3.25,14.572385421740865
23.787814043312007,18.249874219549703,13.558518577783653,0.8096385542168675,65.44960177181427,0.30000000000000004,3.5,14.281410144048714
23.787814127866838,18.249874263097006,13.566014128159326,0.8313253012048193,70.12457332694387,0.30000000000000004,3.75,14.115411718520772
23.787814212421697,18.249874306644298,13.59844570392471,0.8602409638554217,74.79954488207346,0.30000000000000004,4.0,13.916517993081337
23.78781429697658,18.2498743501916,13.653231661239877,0.8722891566265061,79.47451643720306,0.30000000000000004,4.25,13.874918408227828
23.787814381531483,18.2498743937389,13.726578600190635,0.8891566265060241,84.14948799233264,0.30000000000000004,4.5,13.813325588142442
23.787814466086413,18.24987443728619,13.817048631919148,0.891566265060241,88.82445954746224,0.30000000000000004,4.75,13.884518511437221
23.787814550641368,18.24987448083349,13.923483541683979,0.9204819277108434,93.49943110259184,0.30000000000000004,5.0,14.087338963370726
23.787814635196348,18.249874524380786,14.04704540267795,0.9325301204819277,98.17440265772142,0.30000000000000004,5.25,14.307286366533372
23.787814719751353,18.24987456792808,14.184860040495769,0.9397590361445783,102.84937421285102,0.30000000000000004,5.5,14.502932329652396
23.78781480430638,18.24987461147538,14.333867904817629,0.944578313253012,107.52434576798062,0.30000000000000004,5.75,14.690494410841724
23.78781488886143,18.24987465502268,14.493264163414828,0.946987951807229,112.19931732311022,0.30000000000000004,6.0,14.86916777787266
23.78781497341651,18.24987469856998,14.662064138202782,0.9542168674698795,116.87428887823978,0.30000000000000004,6.25,15.095799077961818
23.78781505797161,18.249874742117274,14.843226635322802,0.9590361445783132,121.54926043336938,0.30000000000000004,6.5,15.315515791949307
23.78781514252674,18.249874785664574,15.033958773130967,0.9614457831325302,126.22423198849899,0.30000000000000004,6.75,15.525525038191208
23.787815227081886,18.24987482921187,15.234834938970819,0.9662650602409638,130.89920354362857,0.30000000000000004,7.0,15.764955420898529
23.78781531163706,18.249874872759165,15.44349855865743,0.9710843373493976,135.57417509875816,0.30000000000000004,7.25,16.01217325745261
23.78781539619226,18.24987491630646,15.658426925366184,0.9710843373493976,140.24914665388775,0.30000000000000004,7.5,16.227101624161364
23.787815480747483,18.24987495985376,15.87889246417413,0.9734939759036144,144.92411820901737,0.30000000000000004,7.75,16.466844271403048
23.787815565302733,18.24987500340106,16.10585112018815,0.9759036144578314,149.59908976414692,0.30000000000000004,8.0,16.7130800358508
23.167891648348363,17.80026918064255,16.374548141756975,0.19518072289156627,8.944373521643948,0.35000000000000003,0.5,22.013102358624444
23.167891724968722,17.800269222339953,15.785098164256507,0.26024096385542167,13.416560282465925,0.35000000000000003,0.75,20.903170453413132
23.167891801589107,17.80026926403735,15.266028633672645,0.3228915662650602,17.8887470432879,0.35000000000000003,1.0,19.882896103552163
23.167891878209513,17.80026930573475,14.818402240033608,0.38795180722891565,22.360933804109873,0.35000000000000003,1.25,18.914787782202282
23.167891954829937,17.800269347432145,14.443984593005927,0.43373493975903615,26.83312056493185,0.35000000000000003,1.5,18.17410507493364
23.167892031450382,17.800269389129546,14.123684744157273,0.4891566265060241,31.305307325753823,0.35000000000000003,1.75,17.410431732109082
23.16789210807085,17.800269430826948,13.860695936094995,0.563855421686747,35.77749408657579,0.35000000000000003,2.0,16.549852562601018
23.167892184691347,17.800269472524345,13.648859932999153,0.6120481927710844,40.24968084739777,0.35000000000000003,2.25,15.952474390830478
23.16789226131186,17.800269514221743,13.485896060124938,0.6746987951807228,44.721867608219746,0.35000000000000003,2.5,15.288305698679157
23.167892337932393,17.80026955591914,13.36710936430075,0.7108433734939759,49.19405436904172,0.35000000000000003,2.75,14.880362376348945
23.167892414552952,17.800269597616538,13.282578956131763,0.744578313253012,53.6662411298637,0.35000000000000003,3.0,14.525952450107667
23.167892491173532,17.80026963931394,13.231110465336709,0.7710843373493976,58.138427890685676,0.35000000000000003,3.25,14.262435766541529
23.167892567794137,17.80026968101134,13.21293456956622,0.8072289156626506,62.610614651507646,0.35000000000000003,3.5,13.955103244265015
23.167892644414763,17.800269722708737,13.225645581539856,0.8240963855421687,67.08280141232962,0.35000000000000003,3.75,13.832874497202507
23.167892721035404,17.800269764406135,13.265905039651711,0.8578313253012049,71.5549881731516,0.35000000000000003,4.0,13.603254437242072
23.167892797656076,17.800269806103536,13.331760191845897,0.8746987951807229,76.02717493397357,0.35000000000000003,4.25,13.534169830400113
23.167892874276767,17.800269847800934,13.416049549704288,0.8843373493975903,80.49936169479554,0.35000000000000003,4.5,13.541350754523567
23.167892950897482,17.80026988949833,13.516933221735723,0.8987951807228916,84.97154845561752,0.35000000000000003,4.75,13.52657177595259
23.167893027518215,17.80026993119573,13.630028698168607,0.9132530120481928,89.44373521643949,0.35000000000000003,5.0,13.736052794554148
23.167893104138972,17.800269972893126,13.76077442077355,0.9325301204819277,93.91592197726145,0.35000000000000003,5.25,14.021015384628972
23.167893180759748,17.800270014590524,13.907218811502227,0.9397590361445783,98.38810873808345,0.35000000000000003,5.5,14.225291100658854
23.167893257380555,17.800270056287925,14.066766892654064,0.944578313253012,102.86029549890543,0.35000000000000003,5.75,14.42339339867816
23.16789333400138,17.800270097985326,14.23788794425367,0.9493975903614458,107.3324822597274,0.35000000000000003,6.0,14.633068667145235
23.167893410622227,17.800270139682723,14.420189000306358,0.9518072289156626,111.80466902054935,0.35000000000000003,6.25,14.834646831631659
23.16789348724309,17.80027018138012,14.611688478928878,0.9566265060240964,116.27685578137134,0.35000000000000003,6.5,15.064700527121648
23.16789356386398,17.80027022307752,14.812076759246745,0.9566265060240964,120.74904254219331,0.35000000000000003,6.75,15.265088807439515
23.167893640484895,17.800270264774916,15.021564392274833,0.9614457831325302,125.22122930301529,0.35000000000000003,7.0,15.513130657335074
23.167893717105827,17.800270306472317,15.23832026249156,0.9686746987951808,129.69341606383728,0.35000000000000003,7.25,15.787717852853007
23.167893793726787,17.800270348169718,15.463984512584755,0.9734939759036144,134.16560282465923,0.35000000000000003,7.5,16.05193631981367
23.16789387034776,17.800270389867116,15.695184173581973,0.9759036144578314,138.63778958548122,0.35000000000000003,7.75,16.302413089244624
23.167893946968764,17.800270431564513,15.932502945318568,0.9759036144578314,143.1099763463032,0.35000000000000003,8.0,16.53973186098122
22.588267471795184,17.381521347597424,15.991288978080288,0.18795180722891566,8.658503252075379,0.4,0.5,21.68767452024896
22.588267540362388,17.38152139190306,15.410828005815986,0.25060240963855424,12.98775487811307,0.4,0.75,20.60600872870755
22.588267608929613,17.3815214362087,14.901214678495474,0.3228915662650602,17.31700650415076,0.4,1.0,19.518082148374994
22.588267677496855,17.38152148051434,14.45767382107011,0.3783132530120482,21.64625813018845,0.4,1.25,18.631167796973724
22.58826774606412,17.381521524819984,14.087819647023764,0.43855421686746987,25.975509756226142,0.4,1.5,17.779385912084006
22.588267814631404,17.38152156912562,13.775095363924876,0.4987951807228916,30.304761382263827,0.4,1.75,16.984733918141742
22.58826788319871,17.381521613431268,13.518246620306911,0.563855421686747,34.634013008301515,0.4,2.0,16.207403246812937
22.58826795176603,17.381521657736904,13.31241131777476,0.6168674698795181,38.96326463433922,0.4,2.25,15.577471558738615
22.588268020333373,17.381521702042544,13.156000256825642,0.653012048192771,43.2925162603769,0.4,2.5,15.131903871283473
22.58826808890074,17.381521746348188,13.042946898108791,0.7036144578313253,47.62176788641459,0.4,2.75,14.614031235458189
22.588268157468125,17.381521790653828,12.965611468083026,0.7421686746987952,51.95101951245228,0.4,3.0,14.228262070492665
22.588268226035527,17.381521834959464,12.921054500662564,0.7759036144578313,56.28027113848997,0.4,3.25,13.913825584999913
22.58826829460295,17.381521879265105,12.909247052360444,0.7951807228915663,60.60952276452766,0.4,3.5,13.747801269227914
22.588268363170393,17.381521923570748,12.923985391157219,0.8289156626506025,64.93877439056536,0.4,3.75,13.492660089952398
22.588268431737863,17.381521967876388,12.967747044004875,0.8602409638554217,69.26802601660303,0.4,4.0,13.285819333161502
22.588268500305343,17.38152201218203,13.03687446307906,0.8771084337349397,73.59727764264073,0.4,4.25,13.220006993199544
22.588268568872845,17.38152205648767,13.12700228292626,0.8891566265060241,77.92652926867844,0.4,4.5,13.213749270878067
22.58826863744037,17.38152210079331,13.236173870265915,0.9060240963855422,82.25578089471611,0.4,4.75,13.284366641350253
22.58826870600791,17.38152214509895,13.361115192183528,0.9156626506024096,86.5850325207538,0.4,5.0,13.486416397002804
22.58826877457548,17.38152218940459,13.498910040986393,0.9301204819277108,90.91428414679149,0.4,5.25,13.73987389640808
22.58826884314306,17.381522233710236,13.652400939950597,0.9373493975903614,95.24353577282918,0.4,5.5,13.951196120673488
22.58826891171066,17.381522278015872,13.816357233176173,0.944578313253012,99.57278739886688,0.4,5.75,14.17298373920027
22.588268980278283,17.381522322321512,13.991628473690907,0.9493975903614458,103.90203902490455,0.4,6.0,14.386809196582472
22.588269048845927,17.381522366627156,14.176027716050665,0.9518072289156626,108.23129065094224,0.4,6.25,14.590485547375966
22.588269117413592,17.381522410932792,14.371474935720055,0.9542168674698795,112.56054227697994,0.4,6.5,14.805209875479092
22.58826918598127,17.381522455238436,14.57760462412547,0.9566265060240964,116.88979390301765,0.4,6.75,15.030616672318242
22.588269254548972,17.381522499544072,14.792516567496797,0.9662650602409638,121.21904552905531,0.4,7.0,15.322637049424507
22.588269323116695,17.381522543849712,15.015533227525275,0.9662650602409638,125.54829715509301,0.4,7.25,15.545653709452985
22.588269391684438,17.381522588155356,15.244352357473721,0.9734939759036144,129.8775487811307,0.4,7.5,15.832304164702636
22.588269460252203,17.381522632460996,15.479376720433063,0.980722891566265,134.2068004071684,0.4,7.75,16.125159852963183
22.58826952881998,17.381522676766636,15.72150064450919,0.983132530120482,138.53605203320606,0.4,8.0,16.386560885473045
22.052118277606432,17.002102074898872,15.63290489998898,0.1783132530120482,8.428103214166251,0.45,0.5,21.40639887589259
22.052118338027572,17.00210210637587,15.060937013691017,0.24819277108433735,12.642154821249381,0.45,0.75,20.27539484501632
22.05211839844873,17.002102137852862,14.559385242096775,0.3156626506024096,16.856206428332502,0.45,1.0,19.234084037277498
22.052118458869902,17.00210216932986,14.1239119863941,0.3614457831325301,21.07025803541563,0.45,1.25,18.43234572133386
22.052118519291096,17.002102200806856,13.754682514607763,0.4506024096385542,25.28430964249876,0.45,1.5,17.34986323749933
22.052118579712307,17.002102232283857,13.451898613887808,0.5204819277108433,29.498361249581876,0.45,1.75,16.48804319220106
22.052118640133532,17.002102263760854,13.207770165942089,0.5759036144578313,33.712412856665004,0.45,2.0,15.800541250279437
22.052118700554782,17.00210229523785,13.011949752198069,0.6096385542168675,37.92646446374813,0.45,2.25,15.334841318463129
22.052118760976043,17.00210232671485,12.860271115101963,0.6506024096385542,42.14051607083126,0.45,2.5,14.85545183799353
22.052118821397325,17.002102358191845,12.752029761165597,0.7012048192771084,46.35456767791439,0.45,2.75,14.34239120694873
22.052118881818625,17.002102389668842,12.684089408927367,0.7349397590361446,50.56861928499752,0.45,3.0,14.004571336638211
22.052118942239943,17.00210242114584,12.647692270975801,0.7662650602409639,54.78267089208063,0.45,3.25,13.71757178904809
22.052119002661275,17.002102452622836,12.641897414732552,0.7927710843373494,58.99672249916376,0.45,3.5,13.499728740033756
22.05211906308263,17.002102484099836,12.658307059405798,0.8120481927710843,63.21077410624689,0.45,3.75,13.361921517237125
22.052119123504,17.00210251557683,12.69854011773259,0.8457831325301205,67.42482571333002,0.45,4.0,13.132275057491626
22.052119183925388,17.00210254705383,12.763670032585672,0.8843373493975903,71.63887732041313,0.45,4.25,12.888971237404949
22.052119244346798,17.00210257853083,12.85624117982129,0.9036144578313253,75.85292892749627,0.45,4.5,12.885156842471892
22.052119304768222,17.002102610007828,12.970410473920639,0.9036144578313253,80.0669805345794,0.45,4.75,12.999326136571241
22.05211936518966,17.00210264148482,13.100565577070396,0.9156626506024096,84.28103214166252,0.45,5.0,13.225866781889673
22.05211942561112,17.002102672961822,13.242649407732058,0.9228915662650602,88.49508374874564,0.45,5.25,13.42578193785254
22.052119486032602,17.00210270443882,13.395542109203337,0.9325301204819277,92.70913535582878,0.45,5.5,13.655783073058759
22.052119546454097,17.002102735915816,13.558914569408348,0.9397590361445783,96.9231869629119,0.45,5.75,13.876986858564974
22.05211960687561,17.002102767392817,13.734041285103489,0.9493975903614458,101.13723856999502,0.45,6.0,14.129222007995054
22.05211966729714,17.00210279886981,13.920802537455616,0.9566265060240964,105.35129017707813,0.45,6.25,14.373814585648386
22.05211972771869,17.002102830346807,14.118066554015515,0.9590361445783132,109.56534178416126,0.45,6.5,14.59035571064202
22.052119788140256,17.002102861823808,14.32453866590764,0.9614457831325302,113.77939339124441,0.45,6.75,14.816104930967882
22.052119848561844,17.002102893300805,14.540426312703971,0.9662650602409638,117.99344499832752,0.45,7.0,15.070546794631682
22.05211990898345,17.0021029247778,14.764907343134249,0.9710843373493976,122.20749660541064,0.45,7.25,15.333582041929429
22.052119969405066,17.002102956254795,14.997223821312549,0.9710843373493976,126.42154821249378,0.45,7.5,15.56589852010773
22.052120029826707,17.002102987731796,15.236911827013293,0.9710843373493976,130.63559981957692,0.45,7.75,15.805586525808472
22.052120090248362,17.002103019208793,15.483924724781083,0.980722891566265,134.84965142666002,0.45,8.0,16.129707857311203
21.562687283503426,16.664686116482837,15.301389406175497,0.18313253012048192,8.251916943860342,0.5,0.5,21.03632916521164
21.562687335720078,16.66468615020614,14.737208108468227,0.2457831325301205,12.377875415790514,0.5,0.75,19.970943048227262
21.562687387936748,16.664686183929444,14.243992371651064,0.3108433734939759,16.50383388772068,0.5,1.0,18.95724538369926
21.562687440153436,16.664686217652747,13.814127067700927,0.37349397590361444,20.629792359650853,0.5,1.25,18.026175260472012
21.56268749237014,16.66468625137605,13.452440983927394,0.44819277108433736,24.755750831581025,0.5,1.5,17.066898815252696
21.562687544586858,16.664686285099354,13.16168935092386,0.5204819277108433,28.881709303511197,0.5,1.75,16.197833929237113
21.562687596803592,16.664686318822653,12.928385084060302,0.5759036144578313,33.00766777544137,0.5,2.0,15.521156168397653
21.562687649020344,16.664686352545957,12.740693431610085,0.6144578313253012,37.13362624737154,0.5,2.25,15.025030781007676
21.56268770123711,16.66468638626926,12.59692264519542,0.653012048192771,41.25958471930171,0.5,2.5,14.572826259653251
21.562687753453893,16.664686419992563,12.493678349681646,0.689156626506024,45.385543191231875,0.5,2.75,14.180425337633455
21.56268780567069,16.664686453715866,12.428093738199717,0.7253012048192771,49.51150166316206,0.5,3.0,13.8256840996455
21.562687857887507,16.664686487439166,12.392076484723265,0.7734939759036145,53.637460135092226,0.5,3.25,13.40412467749435
21.562687910104337,16.66468652116247,12.385720163029363,0.7975903614457831,57.763418607022395,0.5,3.5,13.2049972714631
21.562687962321185,16.664686554885773,12.40596572274185,0.8240963855421687,61.889377078952556,0.5,3.75,13.013194638404501
21.562688014538047,16.664686588609076,12.451273258530952,0.8554216867469879,66.01533555088274,0.5,4.0,12.80789976455505
21.562688066754923,16.66468662233238,12.517940091888589,0.8771084337349397,70.14129402281291,0.5,4.25,12.701072622009072
21.562688118971817,16.66468665605568,12.603690054600499,0.8891566265060241,74.26725249474308,0.5,4.5,12.690437042552306
21.56268817118873,16.664686689778982,12.709307899983532,0.9036144578313253,78.39321096667325,0.5,4.75,12.738223562634134
21.562688223405654,16.664686723502285,12.832212682229926,0.9156626506024096,82.51916943860341,0.5,5.0,12.957513887049203
21.562688275622598,16.66468675722559,12.97132974751886,0.9253012048192771,86.6451279105336,0.5,5.25,13.173739386073077
21.562688327839556,16.664686790948892,13.124282068993672,0.9325301204819277,90.77108638246375,0.5,5.5,13.384523032849094
21.56268838005653,16.66468682467219,13.28713925950211,0.9373493975903614,94.89704485439393,0.5,5.75,13.585934440225001
21.56268843227352,16.664686858395495,13.463605959536084,0.946987951807229,99.02300332632412,0.5,6.0,13.839509573993915
21.562688484490526,16.664686892118798,13.650280946636775,0.9542168674698795,103.14896179825426,0.5,6.25,14.084015886395811
21.562688536707547,16.6646869258421,13.84697563825745,0.9614457831325302,107.27492027018445,0.5,6.5,14.33854190331769
21.562688588924583,16.664686959565405,14.052736727533569,0.9710843373493976,111.40087874211464,0.5,6.75,14.621411426328748
21.56268864114164,16.664686993288704,14.268093881503644,0.9710843373493976,115.52683721404479,0.5,7.0,14.836768580298823
21.56268869335871,16.664687027012008,14.490888046031976,0.9734939759036144,119.65279568597497,0.5,7.25,15.078839853260892
21.562688745575795,16.66468706073531,14.721228941521012,0.9783132530120482,123.77875415790511,0.5,7.5,15.347734965617398
21.562688797792894,16.664687094458614,14.956942234191551,0.980722891566265,127.9047126298353,0.5,7.75,15.602725366721671
21.562688850010012,16.664687128181917,15.199139971262001,0.9855421686746988,132.03067110176548,0.5,8.0,15.88347732065959
21.123222160627147,16.352021509078615,14.996887995627414,0.1783132530120482,8.144535034656526,0.55,0.5,20.77038197153103
21.12322220462452,16.35202153510358,14.438675997181685,0.24819277108433735,12.216802551984788,0.55,0.75,19.653133828506988
21.123222248621904,16.352021561128545,13.951829701755708,0.3108433734939759,16.289070069313052,0.55,1.0,18.6650827138039
21.12322229261931,16.35202158715352,13.531999207604365,0.3759036144578313,20.361337586641312,0.55,1.25,17.724770291941716
21.123222336616724,16.352021613178486,13.18719321204783,0.45542168674698796,24.433605103969576,0.55,1.5,16.743819718071926
21.123222380614152,16.35202163920345,12.90569231860408,0.5228915662650603,28.505872621297836,0.55,1.75,15.922559788483598
21.123222424611598,16.352021665228417,12.676366589486454,0.5710843373493976,32.578140138626104,0.55,2.0,15.307691890691274
21.12322246860905,16.352021691253384,12.495575189811927,0.6168674698795181,36.65040765595437,0.55,2.25,14.760635430775782
21.123222512606525,16.352021717278358,12.358354546624495,0.655421686746988,40.722675173282624,0.55,2.5,14.31498105264859
21.123222556604013,16.35202174330332,12.258263839207213,0.689156626506024,44.79494269061089,0.55,2.75,13.94501082715902
21.123222600601512,16.352021769328292,12.188591356274019,0.7228915662650602,48.86721020793915,0.55,3.0,13.605458826153537
21.12322264459903,16.352021795353256,12.151293391235479,0.7590361445783133,52.93947772526742,0.55,3.25,13.279004234608973
21.123222688596552,16.352021821378223,12.145062717870346,0.8024096385542169,57.01174524259567,0.55,3.5,12.92578560943661
21.1232227325941,16.35202184740319,12.16591483975175,0.8409638554216867,61.084012759923944,0.55,3.75,12.638203996378255
21.123222776591657,16.352021873428164,12.208614950841882,0.8578313253012049,65.15628027725221,0.55,4.0,12.545964348432243
21.12322282058923,16.35202189945313,12.271109822957776,0.8722891566265061,69.22854779458046,0.55,4.25,12.492796569945728
21.123222864586815,16.3520219254781,12.351168477765624,0.8843373493975903,73.30081531190874,0.55,4.5,12.476469682584902
21.123222908584413,16.352021951503062,12.449047607439395,0.9036144578313253,77.37308282923699,0.55,4.75,12.477963270089997
21.123222952582033,16.352021977528032,12.56383976276237,0.9180722891566265,81.44535034656525,0.55,5.0,12.708418076015382
21.12322299657966,16.352022003553,12.696618173231276,0.9301204819277108,85.51761786389352,0.55,5.25,12.937582028652962
21.1232230405773,16.35202202957797,12.845927765656093,0.9397590361445783,89.58988538122179,0.55,5.5,13.16400005481272
21.123223084574956,16.352022055602937,13.006904616240135,0.9493975903614458,93.66215289855006,0.55,5.75,13.402085339131702
21.12322312857263,16.3520220816279,13.176916782900797,0.9493975903614458,97.73442041587829,0.55,6.0,13.572097505792364
21.123223172570317,16.35202210765287,13.358164340546333,0.9566265060240964,101.80668793320656,0.55,6.25,13.811176388739103
21.123223216568014,16.35202213367784,13.55035363289649,0.9590361445783132,105.87895545053483,0.55,6.5,14.022642789522996
21.12322326056573,16.35202215970281,13.749551692673384,0.9710843373493976,109.95122296786309,0.55,6.75,14.318226391468563
21.123223304563457,16.352022185727776,13.958564435491217,0.9759036144578314,114.02349048519136,0.55,7.0,14.565793351153868
21.1232233485612,16.35202221175274,14.173789301398578,0.9783132530120482,118.09575800251963,0.55,7.25,14.800295325494965
21.12322339255896,16.352022237777707,14.395389027563922,0.983132530120482,122.16802551984789,0.55,7.5,15.060449268527778
21.123223436556728,16.35202226380268,14.623349937240473,0.9879518072289156,126.24029303717613,0.55,7.75,15.326964395071798
21.123223480554515,16.352022289827648,14.85903908310396,0.9903614457831326,130.31256055450442,0.55,8.0,15.58193064936902
20.736899845750628,16.073251216474787,14.72112814479506,0.18795180722891566,8.065324190576394,0.6000000000000001,0.5,20.417513686963733
20.73689988156691,16.07325123743264,14.170119401217082,0.25301204819277107,12.09798628586459,0.6000000000000001,0.75,19.346023015674916
20.736899917383205,16.073251258390496,13.69115664243583,0.327710843373494,16.13064838115279,0.6000000000000001,1.0,18.269469895447877
20.73689995319952,16.073251279348348,13.28671557765409,0.38313253012048193,20.163310476440984,0.6000000000000001,1.25,17.421655336690236
20.73689998901584,16.073251300306204,12.953785685569121,0.4602409638554217,24.19597257172918,0.6000000000000001,1.5,16.471857974725747
20.736900024832174,16.07325132126406,12.677996538072607,0.5277108433734939,28.22863466701738,0.6000000000000001,1.75,15.656309791084656
20.736900060648523,16.073251342221912,12.460745718218334,0.5759036144578313,32.26129676230558,0.6000000000000001,2.0,15.053516802555684
20.736900096464883,16.07325136317977,12.285033602650195,0.6072289156626506,36.29395885759377,0.6000000000000001,2.25,14.62720227734899
20.736900132281257,16.073251384137624,12.143700671207473,0.636144578313253,40.32662095288197,0.6000000000000001,2.5,14.254544044701449
20.73690016809764,16.073251405095476,12.041488798033475,0.6771084337349398,44.35928304817016,0.6000000000000001,2.75,13.824621328153956
20.736900203914043,16.073251426053336,11.973143108220846,0.7204819277108434,48.39194514345836,0.6000000000000001,3.0,13.4092876865341
20.736900239730456,16.073251447011188,11.936882991788476,0.7614457831325301,52.42460723874656,0.6000000000000001,3.25,13.045316726728235
20.73690027554688,16.073251467969044,11.925729623178688,0.8,56.45726933403476,0.6000000000000001,3.5,12.725729623178687
20.736900311363318,16.073251488926896,11.939661459187425,0.8216867469879519,60.48993142932295,0.6000000000000001,3.75,12.56616748328381
20.736900347179766,16.073251509884752,11.974800212372928,0.8554216867469879,64.52259352461115,0.6000000000000001,4.0,12.331426718397026
20.736900382996232,16.073251530842604,12.03260943507229,0.8795180722891566,68.55525561989934,0.6000000000000001,4.25,12.196464856759038
20.736900418812706,16.073251551800464,12.109019764622149,0.8963855421686747,72.58791771518754,0.6000000000000001,4.5,12.137935427272751
20.736900454629193,16.07325157275832,12.201342308405222,0.9156626506024096,76.62057981047573,0.6000000000000001,4.75,12.326643513224498
20.736900490445695,16.073251593716172,12.310926948961004,0.9253012048192771,80.65324190576393,0.6000000000000001,5.0,12.513336587515221
20.736900526262207,16.073251614674025,12.435840401484016,0.9349397590361446,84.68590400105214,0.6000000000000001,5.25,12.715358473773172
20.736900562078734,16.073251635631884,12.573950605475183,0.944578313253012,88.71856609634033,0.6000000000000001,5.5,12.930577111499279
20.73690059789527,16.073251656589736,12.725950006551626,0.946987951807229,92.75122819162851,0.6000000000000001,5.75,13.101853621009457
20.736900633711826,16.073251677547596,12.88846942072489,0.9493975903614458,96.78389028691672,0.6000000000000001,6.0,13.283650143616455
20.73690066952839,16.073251698505445,13.059243549795037,0.9590361445783132,100.8165523822049,0.6000000000000001,6.25,13.531532706421542
20.736900705344965,16.0732517194633,13.237133062518934,0.9614457831325302,104.8492144774931,0.6000000000000001,6.5,13.728699327579175
20.736900741161556,16.073251740421156,13.423391567370402,0.9662650602409638,108.8818765727813,0.6000000000000001,6.75,13.953512049298112
20.736900776978157,16.073251761379012,13.618191973132395,0.9686746987951808,112.91453866806953,0.6000000000000001,7.0,14.167589563493841
20.736900812794776,16.073251782336868,13.821662690557917,0.9783132530120482,116.9472007633577,0.6000000000000001,7.25,14.448168714654301
20.736900848611405,16.07325180329472,14.035026679464133,0.983132530120482,120.9798628586459,0.6000000000000001,7.5,14.700086920427989
20.736900884428042,16.073251824252576,14.25451927215622,0.983132530120482,125.0125249539341,0.6000000000000001,7.75,14.919579513120075
20.736900920244697,16.07325184521043,14.480000880818196,0.9879518072289156,129.0451870492223,0.6000000000000001,8.0,15.18361533864952
20.40673871990838,15.831238757374775,14.48197175308308,0.17590361445783131,8.076477184571417,0.65,0.5,20.27474283742043
20.406738747643764,15.83123876768135,13.93552789303337,0.25783132530120484,12.114715776857123,0.65,0.75,19.07287729062373
20.406738775379154,15.831238777987927,13.46717990316253,0.3301204819277108,16.152954369142833,0.65,1.0,18.026216047740842
20.406738803114557,15.831238788294504,13.081249436388534,0.39518072289156625,20.19119296142854,0.65,1.25,17.119803653256003
20.406738830849978,15.831238798601083,12.757048291128802,0.4650602409638554,24.229431553714246,0.65,1.5,16.23656636341796
20.406738858585406,15.831238808907658,12.490248687406618,0.5277108433734939,28.26767014599996,0.65,1.75,15.468561940418667
20.406738886320845,15.831238819214235,12.276895128882074,0.5686746987951807,32.305908738285666,0.65,2.0,14.92749753852063
20.406738914056294,15.831238829520808,12.101139764738372,0.6,36.344147330571374,0.65,2.25,14.501139764738372
20.406738941791758,15.831238839827387,11.963162941780434,0.6409638554216868,40.38238592285708,0.65,2.5,14.035452098406939
20.406738969527233,15.831238850133966,11.859837955717582,0.6867469879518072,44.4206245151428,0.65,2.75,13.565862052103125
20.406738997262718,15.831238860440543,11.787738554856864,0.7325301204819277,48.45886310742849,0.65,3.0,13.127497591001443
20.406739024998213,15.831238870747118,11.74552805907324,0.763855421686747,52.49710169971421,0.65,3.25,12.834684685579266
20.406739052733723,15.831238881053695,11.729764024047967,0.8072289156626506,56.53534029199992,0.65,3.5,12.471932698746762
20.40673908046924,15.831238891360272,11.736973115824792,0.8240963855421687,60.57357888428563,0.65,3.75,12.344202031487443
20.406739108204775,15.83123890166685,11.766135912539012,0.8602409638554217,64.61181747657133,0.65,4.0,12.084208201695638
20.406739135940317,15.831238911973424,11.816694665172014,0.8771084337349397,68.65005606885704,0.65,4.25,11.999827195292497
20.406739163675873,15.831238922280003,11.88425200485034,0.8963855421686747,72.68829466114275,0.65,4.5,11.913167667500943
20.406739191411436,15.831238932586576,11.971354060875363,0.9156626506024096,76.72653325342846,0.65,4.75,12.09665526569464
20.406739219147013,15.831238942893156,12.072069192811666,0.9228915662650602,80.76477184571417,0.65,5.0,12.255201722932147
20.4067392468826,15.831238953199733,12.186036345084029,0.9301204819277108,84.80301043799989,0.65,5.25,12.427000200505715
20.4067392746182,15.831238963506308,12.311113679624466,0.9397590361445783,88.8412490302856,0.65,5.5,12.629185968781092
20.406739302353813,15.831238973812884,12.447301104627458,0.946987951807229,92.87948762257129,0.65,5.75,12.82320471908529
20.406739330089437,15.831238984119462,12.593100717854787,0.9542168674698795,96.91772621485698,0.65,6.0,13.026835657613823
20.40673935782507,15.83123899442604,12.749235850143144,0.9590361445783132,100.95596480714269,0.65,6.25,13.22152500676965
20.406739385560716,15.831239004732618,12.916217442222388,0.9614457831325302,104.99420339942841,0.65,6.5,13.40778370728263
20.40673941329637,15.83123901503919,13.091602942709464,0.963855421686747,109.03244199171414,0.65,6.75,13.60244631620344
20.406739441032045,15.831239025345766,13.273825213886168,0.9662650602409638,113.07068058399985,0.65,7.0,13.803945695813878
20.40673946876772,15.831239035652345,13.462610694148454,0.9759036144578314,117.10891917628553,0.65,7.25,14.069839609811105
20.406739496503413,15.83123904595892,13.657098803063471,0.983132530120482,121.14715776857126,0.65,7.5,14.322159044027327
20.406739524239118,15.831239056265499,13.857541176418222,0.9855421686746988,125.18539636085697,0.65,7.75,14.541878525815811
20.40673955197483,15.831239066572076,14.06506279814387,0.9879518072289156,129.22363495314266,0.65,8.0,14.768677255975195
20.1355015918888,15.61783329795929,14.280631685228231,0.1855421686746988,8.17023340697461,0.7000000000000001,0.5,19.99629433583064
20.135501611713302,15.617833301429286,13.741562352493583,0.26506024096385544,12.255350110461915,0.7000000000000001,0.75,18.82108042478274
20.135501631537814,15.617833304899285,13.290005312299154,0.3325301204819277,16.34046681394922,0.7000000000000001,1.0,17.82976434844373
20.135501651362333,15.617833308369281,12.916190539115883,0.40240963855421685,20.42558351743652,0.7000000000000001,1.25,16.896913430682147
20.135501671186866,15.617833311839277,12.601664919962365,0.472289156626506,24.51070022092383,0.7000000000000001,1.5,16.02335166695032
20.135501691011406,15.61783331530927,12.34404226321772,0.5349397590361445,28.595816924411135,0.7000000000000001,1.75,15.264524190928563
20.13550171083596,15.617833318779265,12.130768001165734,0.5662650602409639,32.68093362789844,0.7000000000000001,2.0,14.800647519238023
20.135501730660526,15.617833322249266,11.956210245037651,0.6096385542168675,36.76605033138574,0.7000000000000001,2.25,14.279101811302711
20.135501750485094,15.61783332571926,11.819165612065648,0.653012048192771,40.85116703487304,0.7000000000000001,2.5,13.79506922652348
20.13550177030968,15.617833329189255,11.716017380188745,0.7036144578313253,44.93628373836035,0.7000000000000001,2.75,13.287101717538143
20.135501790134274,15.61783333265925,11.642612732726407,0.7373493975903614,49.02140044184766,0.7000000000000001,3.0,12.943817552003516
20.13550180995888,15.617833336129245,11.594568845068116,0.7807228915662651,53.10651714533497,0.7000000000000001,3.25,12.548785712537995
20.135501829783497,15.617833339599242,11.571231858546472,0.8048192771084337,57.19163384882227,0.7000000000000001,3.5,12.332677641679002
20.13550184960812,15.61783334306924,11.572206553427568,0.8361445783132531,61.27675055230957,0.7000000000000001,3.75,12.083049926921543
20.135501869432755,15.617833346539234,11.594751691473537,0.8578313253012049,65.36186725579688,0.7000000000000001,4.0,11.932101089063899
20.1355018892574,15.617833350009228,11.63590462692387,0.8891566265060241,69.4469839592842,0.7000000000000001,4.25,11.722651614875677
20.13550190908206,15.617833353479224,11.6952326126271,0.9012048192771084,73.53210066277148,0.7000000000000001,4.5,11.704871166843967
20.135501928906727,15.61783335694922,11.768367495528189,0.908433734939759,77.6172173662588,0.7000000000000001,4.75,11.83583737504626
20.135501948731402,15.617833360419215,11.85247330400168,0.9228915662650602,81.70233406974609,0.7000000000000001,5.0,12.035605834122162
20.135501968556092,15.617833363889211,11.950807831198336,0.9397590361445783,85.78745077323342,0.7000000000000001,5.25,12.268880120354963
20.13550198838079,15.617833367359205,12.060428377501937,0.9421686746987952,89.8725674767207,0.7000000000000001,5.5,12.397777775092298
20.1355020082055,15.617833370829203,12.18097855920964,0.946987951807229,93.95768418020802,0.7000000000000001,5.75,12.556882173667471
20.13550202803022,15.6178333742992,12.312538988113403,0.9542168674698795,98.04280088369532,0.7000000000000001,6.0,12.746273927872439
20.13550204785495,15.617833377769196,12.45408821152779,0.9566265060240964,102.12791758718261,0.7000000000000001,6.25,12.907100259720561
20.13550206767969,15.617833381239189,12.603833940017653,0.9590361445783132,106.21303429066994,0.7000000000000001,6.5,13.076123096644158
20.135502087504438,15.617833384709185,12.760644910148828,0.9686746987951808,110.29815099415724,0.7000000000000001,6.75,13.310042500510274
20.135502107329202,15.617833388179182,12.925303696839206,0.9783132530120482,114.38326769764454,0.7000000000000001,7.0,13.55180972093559
20.135502127153973,15.617833391649178,13.098343524068236,0.983132530120482,118.46838440113187,0.7000000000000001,7.25,13.763403765032091
20.135502146978755,15.617833395119174,13.277034973885637,0.983132530120482,122.55350110461914,0.7000000000000001,7.5,13.942095214849493
20.135502166803544,15.617833398589168,13.460519529667245,0.9879518072289156,126.63861780810646,0.7000000000000001,7.75,14.16413398749857
20.135502186628347,15.617833402059162,13.649187807611671,0.9879518072289156,130.72373451159376,0.7000000000000001,8.0,14.352802265442996
19.925594915478385,15.453144397793046,14.123208024467331,0.18313253012048192,8.427750491033118,0.75,0.5,19.858147783503476
19.925594927637693,15.453144389319133,13.593423878506005,0.27228915662650605,12.64162573654968,0.75,0.75,18.615110625493955
19.925594939797005,15.453144380845218,13.15591556754744,0.3301204819277108,16.85550098206624,0.75,1.0,17.714951712125753
19.925594951956327,15.453144372371305,12.794578050116458,0.41927710843373495,21.069376227582794,0.75,1.25,16.64036118264658
19.92559496411566,15.453144363897392,12.49239473082646,0.4843373493975904,25.28325147309936,0.75,1.5,15.817695935645737
19.925594976275004,15.453144355423479,12.240530356392803,0.5397590361445783,29.497126718615917,0.75,1.75,15.122458067236177
19.92559498843436,15.453144346949566,12.029982445820268,0.5831325301204819,33.71100196413247,0.75,2.0,14.564922204856412
19.92559500059372,15.453144338475653,11.86084443868212,0.6265060240963856,37.92487720964903,0.75,2.25,14.048796245911035
19.925595012753092,15.45314433000174,11.727938338388881,0.6819277108433734,42.13875245516559,0.75,2.5,13.472516651641893
19.925595024912475,15.453144321527827,11.625101424783109,0.727710843373494,46.352627700682156,0.75,2.75,13.003414677795156
19.92559503707187,15.453144313053912,11.551488821500756,0.7590361445783133,50.56650294619872,0.75,3.0,12.67919966487425
19.92559504923127,15.453144304579999,11.5005840411732,0.7975903614457831,54.78037819171528,0.75,3.25,12.319861149606936
19.92559506139068,15.453144296106085,11.471894915034973,0.8216867469879519,58.99425343723183,0.75,3.5,12.09840093913136
19.9255950735501,15.453144287632172,11.464593990811382,0.8481927710843373,63.20812868274838,0.75,3.75,11.879051822136685
19.925595085709535,15.45314427915826,11.478979702754195,0.8698795180722891,67.42200392826494,0.75,4.0,11.719943558175881
19.925595097868975,15.453144270684346,11.509961436636479,0.8891566265060241,71.63587917378152,0.75,4.25,11.596708424588286
19.925595110028425,15.453144262210433,11.555573355669,0.9036144578313253,75.84975441929807,0.75,4.5,11.584489018319603
19.925595122187882,15.45314425373652,11.613711581146863,0.9156626506024096,80.06362966481464,0.75,4.75,11.739012785966139
19.92559513434735,15.453144245262605,11.683732287452882,0.9253012048192771,84.27750491033117,0.75,5.0,11.886141926007099
19.92559514650683,15.453144236788692,11.765473233673944,0.9373493975903614,88.49138015584776,0.75,5.25,12.064268414396835
19.92559515866632,15.453144228314779,11.858478731126668,0.944578313253012,92.70525540136431,0.75,5.5,12.215105237150764
19.92559517082582,15.453144219840866,11.961534055017564,0.9493975903614458,96.91913064688087,0.75,5.75,12.35671477790913
19.92559518298533,15.453144211366952,12.074881016765735,0.9566265060240964,101.13300589239743,0.75,6.0,12.527893064958505
19.925595195144844,15.45314420289304,12.196308509513555,0.9710843373493976,105.34688113791397,0.75,6.25,12.764983208308735
19.925595207304372,15.453144194419126,12.327364812052394,0.9734939759036144,109.56075638343053,0.75,6.5,12.91531661928131
19.925595219463908,15.453144185945213,12.465540542639882,0.9734939759036144,113.7746316289471,0.75,6.75,13.053492349868797
19.925595231623458,15.453144177471298,12.610434632278352,0.980722891566265,117.98850687446367,0.75,7.0,13.256217764808472
19.92559524378301,15.453144168997385,12.760476367936077,0.980722891566265,122.20238211998023,0.75,7.25,13.406259500466197
19.925595255942575,15.453144160523472,12.916433980522383,0.983132530120482,126.41625736549676,0.75,7.5,13.581494221486238
19.925595268102153,15.453144152049559,13.078672602949373,0.983132530120482,130.63013261101335,0.75,7.75,13.743732843913229
19.92559528026174,15.453144143575646,13.245883623284032,0.983132530120482,134.84400785652988,0.75,8.0,13.910943864247887
19.77897141711249,15.354983021931478,14.01698631821368,0.1927710843373494,8.81088242556101,0.8,0.5,19.674817643514885
19.77897142193094,15.354983024505247,13.49628504130467,0.27710843373493976,13.216323638341516,0.8,0.75,18.479417571425152
19.778971426749404,15.354983027079019,13.072783844210154,0.3493975903614458,17.62176485112202,0.8,1.0,17.477603121318587
19.77897143156788,15.354983029652793,12.72266884913502,0.42168674698795183,22.027206063902526,0.8,1.25,16.549174873231408
19.77897143638636,15.354983032226563,12.43250191838138,0.4891566265060241,26.432647276683035,0.8,1.5,15.719248906333188
19.778971441204853,15.354983034800338,12.188154149881615,0.563855421686747,30.838088489463534,0.8,1.75,14.87731077638764
19.778971446023352,15.354983037374108,11.986899093140751,0.6024096385542169,35.24352970224404,0.8,2.0,14.367621984707016
19.77897145084186,15.354983039947875,11.822851771760275,0.6674698795180722,39.64897091502455,0.8,2.25,13.683092735615698
19.77897145566038,15.35498304252165,11.69715037558452,0.7060240963855422,44.05441212780505,0.8,2.5,13.248957604500184
19.778971460478907,15.35498304509542,11.599395901573136,0.7493975903614458,48.45985334058557,0.8,2.75,12.80421517868157
19.778971465297445,15.354983047669194,11.529328547562752,0.7855421686746988,52.86529455336607,0.8,3.0,12.444991198165162
19.77897147011599,15.354983050242966,11.477757153190474,0.8120481927710843,57.27073576614657,0.8,3.25,12.181371611021799
19.778971474934544,15.354983052816735,11.448815357964298,0.8361445783132531,61.67617697892707,0.8,3.5,11.959658731458273
19.77897147975311,15.354983055390509,11.440599969524934,0.8578313253012049,66.08161819170759,0.8,3.75,11.777949367115294
19.778971484571684,15.35498305796428,11.449572477354486,0.8867469879518072,70.48705940448808,0.8,4.0,11.55559657374003
19.77897148939027,15.354983060538052,11.46943412849587,0.8987951807228916,74.89250061726858,0.8,4.25,11.479072682712737
19.778971494208857,15.354983063111822,11.500482359881575,0.9132530120481928,79.29794183004911,0.8,4.5,11.606506456267116
19.77897149902746,15.354983065685595,11.545075138658502,0.927710843373494,83.70338304282961,0.8,4.75,11.766761885646453
19.778971503846073,15.354983068259365,11.602390261064095,0.9373493975903614,88.1088242556101,0.8,5.0,11.901185441786986
19.778971508664693,15.354983070833137,11.67013145263741,0.9421686746987952,92.51426546839062,0.8,5.25,12.007480850227772
19.77897151348332,15.354983073406911,11.747769068285931,0.9518072289156626,96.91970668117115,0.8,5.5,12.162226899611232
19.778971518301958,15.354983075980682,11.835069725382473,0.9614457831325302,101.32514789395164,0.8,5.75,12.326635990442714
19.778971523120607,15.354983078554453,11.929867861561604,0.9662650602409638,105.73058910673214,0.8,6.0,12.459988343489314
19.778971527939266,15.354983081128221,12.030310586027355,0.9710843373493976,110.13603031951261,0.8,6.25,12.598985284822536
19.77897153275793,15.354983083701995,12.1396418846567,0.9710843373493976,114.54147153229314,0.8,6.5,12.708316583451879
19.778971537576606,15.35498308627577,12.255211155637486,0.9759036144578314,118.94691274507366,0.8,6.75,12.862440071300137
19.778971542395286,15.35498308884954,12.376020579919468,0.9759036144578314,123.35235395785413,0.8,7.0,12.983249495582118
19.77897154721398,15.35498309142331,12.501283144919842,0.9759036144578314,127.75779517063467,0.8,7.25,13.108512060582493
19.778971552032683,15.354983093997081,12.631672786862019,0.983132530120482,132.16323638341518,0.8,7.5,13.296733027825875
19.778971556851396,15.354983096570855,12.767557954531979,0.9879518072289156,136.56867759619567,0.8,7.75,13.471172412363304
19.77897156167012,15.35498309914463,12.90839802282862,0.9879518072289156,140.97411880897616,0.8,8.0,13.612012480659946
19.697044374895444,15.308855884126869,13.963401565519584,0.1927710843373494,9.291412957961303,0.8500000000000001,0.5,19.62123289082079
19.69704437277555,15.308855881064773,13.452412498678644,0.2819277108433735,13.937119436941954,0.8500000000000001,0.75,18.39699081193166
19.697044370655668,15.308855878002674,13.040830793867913,0.3397590361445783,18.58282591592261,0.8500000000000001,1.0,17.522758504711287
19.69704436853579,15.308855874940573,12.703324703337197,0.43855421686746987,23.228532394903258,0.8500000000000001,1.25,16.394890968397437
19.697044366415916,15.308855871878475,12.4258583927798,0.5132530120481927,27.874238873883908,0.8500000000000001,1.5,15.519834296394258
19.697044364296058,15.308855868816376,12.194832564913508,0.5759036144578313,32.51994535286456,0.8500000000000001,1.75,14.787603649250858
19.697044362176207,15.308855865754277,12.003998154500017,0.6433734939759036,37.16565183184521,0.8500000000000001,2.0,14.057010202692789
19.697044360056367,15.308855862692175,11.855854438309496,0.7012048192771084,41.81135831082587,0.8500000000000001,2.25,13.446215884092629
19.697044357936534,15.308855859630082,11.741814953976366,0.7349397590361446,46.45706478980651,0.8500000000000001,2.5,13.06229688168721
19.697044355816708,15.308855856567979,11.653495148792038,0.7807228915662651,51.10277126878717,0.8500000000000001,2.75,12.607712016261917
19.697044353696896,15.308855853505882,11.586135741075262,0.8072289156626506,55.74847774776782,0.8500000000000001,3.0,12.328304415774056
19.69704435157709,15.308855850443779,11.539936309151477,0.8289156626506025,60.39418422674847,0.8500000000000001,3.25,12.108611007946656
19.697044349457293,15.308855847381684,11.514162186948937,0.8650602409638555,65.03989070572914,0.8500000000000001,3.5,11.793680259238094
19.69704434733751,15.308855844319584,11.505201278439488,0.8795180722891566,69.68559718470976,0.8500000000000001,3.75,11.669056700126236
19.697044345217726,15.308855841257484,11.510223055639612,0.891566265060241,74.33130366369043,0.8500000000000001,4.0,11.577692935157685
19.697044343097957,15.308855838195386,11.525631004146208,0.9204819277108434,78.97701014267106,0.8500000000000001,4.25,11.689486425832953
19.6970443409782,15.308855835133288,11.553736321619333,0.927710843373494,83.62271662165172,0.8500000000000001,4.5,11.775423068607285
19.697044338858447,15.308855832071188,11.591009092881306,0.9325301204819277,88.26842310063239,0.8500000000000001,4.75,11.851250056736728
19.697044336738706,15.30885582900909,11.638703373506846,0.9493975903614458,92.91412957961302,0.8500000000000001,5.0,12.033884096398413
19.69704433461897,15.30885582594699,11.697130851758244,0.9542168674698795,97.55983605859367,0.8500000000000001,5.25,12.13086579151728
19.697044332499246,15.30885582288489,11.761910245392121,0.9614457831325302,102.20554253757435,0.8500000000000001,5.5,12.253476510452362
19.69704433037953,15.308855819822794,11.834387137967994,0.9686746987951808,106.851249016555,0.8500000000000001,5.75,12.38378472832944
19.697044328259828,15.308855816760698,11.914224105402935,0.9686746987951808,111.49695549553564,0.8500000000000001,6.0,12.463621695764381
19.69704432614013,15.308855813698598,11.999143913705664,0.9710843373493976,116.1426619745163,0.8500000000000001,6.25,12.567818612500844
19.69704432402044,15.308855810636494,12.087435060530973,0.9759036144578314,120.78836845349694,0.8500000000000001,6.5,12.694663976193624
19.69704432190076,15.308855807574396,12.180767860518307,0.9783132530120482,125.43407493247761,0.8500000000000001,6.75,12.807273884614691
19.69704431978109,15.308855804512298,12.278382612536326,0.980722891566265,130.07978141145827,0.8500000000000001,7.0,12.924165745066446
19.69704431766143,15.308855801450203,12.380774293835191,0.983132530120482,134.7254878904389,0.8500000000000001,7.25,13.045834534799047
19.69704431554178,15.308855798388104,12.487937067813185,0.983132530120482,139.37119436941953,0.8500000000000001,7.5,13.15299730877704
19.697044313422133,15.308855795326004,12.599971907369776,0.983132530120482,144.0169008484002,0.8500000000000001,7.75,13.265032148333631
19.6970443113025,15.308855792263904,12.71526682142694,0.9879518072289156,148.66260732738087,0.8500000000000001,8.0,13.418881279258265
19.68062176605915,15.30218351830632,13.949115053818025,0.19759036144578312,9.818925304665626,0.9,0.5,19.56839216225176
19.680621757477212,15.30218350949345,13.45313723248976,0.28433734939759037,14.728387956998438,0.9,0.75,18.378438437309036
19.68062174889528,15.302183500680577,13.05738248001926,0.36626506024096384,19.63785060933125,0.9,1.0,17.32726199809155
19.68062174031336,15.30218349186771,12.737674297947482,0.472289156626506,24.547313261664062,0.9,1.25,16.159361044935434
19.680621731731453,15.302183483054842,12.475349568095838,0.5421686746987951,29.456775913996875,0.9,1.5,15.338000170505477
19.68062172314955,15.30218347424197,12.261413015024345,0.6216867469879518,34.366238566329685,0.9,1.75,14.487919039120731
19.68062171456766,15.302183465429097,12.093373254376147,0.6650602409638554,39.2757012186625,0.9,2.0,13.972891326665303
19.680621705985775,15.30218345661623,11.964949441761568,0.7253012048192771,44.185163870995304,0.9,2.25,13.362539803207351
19.680621697403904,15.302183447803358,11.866734436873932,0.7566265060240964,49.09462652332813,0.9,2.5,13.01372238868116
19.68062168882204,15.30218343899049,11.792521193882356,0.8,54.00408917566094,0.9,2.75,12.592521193882355
19.680621680240183,15.302183430177623,11.741124824418218,0.8168674698795181,58.91355182799375,0.9,3.0,12.406185065382074
19.68062167165834,15.30218342136475,11.708879301550303,0.8626506024096385,63.82301448032657,0.9,3.25,12.007674482273195
19.6806216630765,15.30218341255188,11.693067794668819,0.8746987951807229,68.73247713265937,0.9,3.5,11.895477433223036
19.680621654494672,15.30218340373901,11.69007241053179,0.8987951807228916,73.64193978499219,0.9,3.75,11.699710964748657
19.680621645912858,15.302183394926143,11.699431791126296,0.9204819277108434,78.55140243732501,0.9,4.0,11.863287212813042
19.680621637331047,15.30218338611327,11.719195333518751,0.9253012048192771,83.46086508965782,0.9,4.25,11.921604972072968
19.680621628749247,15.302183377300402,11.749034055183596,0.9421686746987952,88.37032774199061,0.9,4.5,12.086383452773958
19.68062162016745,15.30218336848753,11.789207012200642,0.944578313253012,93.27979039432344,0.9,4.75,12.145833518224737
19.68062161158567,15.30218335967466,11.836389293739595,0.9566265060240964,98.18925304665626,0.9,5.0,12.289401341932365
19.6806216030039,15.30218335086179,11.888864495471585,0.9614457831325302,103.09871569898905,0.9,5.25,12.380430760531826
19.68062159442214,15.30218334204892,11.947447825096317,0.9686746987951808,108.00817835132187,0.9,5.5,12.496845415457763
19.68062158584038,15.30218333323605,12.01178861809581,0.9686746987951808,112.9176410036547,0.9,5.75,12.561186208457256
19.680621577258634,15.302183324423181,12.080004941889749,0.9759036144578314,117.8271036559875,0.9,6.0,12.6872338575524
19.680621568676898,15.30218331561031,12.151973090648651,0.9783132530120482,122.73656630832029,0.9,6.25,12.778479114745036
19.680621560095172,15.302183306797442,12.22663502701679,0.980722891566265,127.64602896065314,0.9,6.5,12.87241815954691
19.680621551513454,15.302183297984573,12.305472439355738,0.983132530120482,132.55549161298595,0.9,6.75,12.970532680319593
19.680621542931746,15.302183289171703,12.388594224874659,0.983132530120482,137.46495426531874,0.9,7.0,13.053654465838514
19.680621534350045,15.30218328035883,12.474241885186391,0.983132530120482,142.37441691765156,0.9,7.25,13.139302126150247
19.680621525768352,15.30218327154596,12.563758510003607,0.983132530120482,147.28387956998438,0.9,7.5,13.228818750967463
19.680621517186673,15.302183262733095,12.65717860232089,0.983132530120482,152.19334222231717,0.9,7.75,13.322238843284746
19.680621508605,15.302183253920223,12.753101468198844,0.9879518072289156,157.10280487465002,0.9,8.0,13.456715926030169
19.729867163647977,15.342063002000371,13.977449094424767,0.19759036144578312,10.361534759785757,0.9500000000000001,0.5,19.596726202858502
19.72986714914598,15.342062991739754,13.493247760389226,0.29397590361445786,15.542302139678638,0.9500000000000001,0.75,18.341440531473562
19.729867134643992,15.342062981479138,13.11678519252984,0.39518072289156625,20.723069519571514,0.9500000000000001,1.0,17.15533940939731
19.729867120142014,15.342062971218521,12.818611842251688,0.491566265060241,25.903836899464395,0.9500000000000001,1.25,16.08608172176976
19.729867105640047,15.342062960957906,12.580215919807733,0.5662650602409639,31.084604279357276,0.9500000000000001,1.5,15.250095437880022
19.729867091138086,15.342062950697288,12.390729205259358,0.636144578313253,36.26537165925016,0.9500000000000001,1.75,14.501572578753334
19.729867076636136,15.342062940436673,12.249175329472646,0.6987951807228916,41.44613903914303,0.9500000000000001,2.0,13.858813883689514
19.729867062134197,15.342062930176057,12.14630230133074,0.7397590361445783,46.62690641903591,0.9500000000000001,2.25,13.428230012174115
19.729867047632265,15.342062919915442,12.0693738338143,0.7783132530120482,51.80767379892879,0.9500000000000001,2.5,13.042867809717915
19.729867033130347,15.342062909654825,12.020423828063239,0.8168674698795181,56.988441178821674,0.9500000000000001,2.75,12.685484069027094
19.729867018628433,15.342062899394207,11.993817709273602,0.8457831325301205,62.16920855871455,0.9500000000000001,3.0,12.427552649032638
19.72986700412653,15.342062889133588,11.9824400852775,0.8722891566265061,67.34997593860743,0.9500000000000001,3.25,12.204126832265452
19.72986698962464,15.342062878872975,11.984889821388636,0.8987951807228916,72.53074331850031,0.9500000000000001,3.5,11.994528375605505
19.729866975122757,15.34206286861236,12.001859300270139,0.9204819277108434,77.71151069839318,0.9500000000000001,3.75,12.165714721956885
19.729866960620882,15.34206285835174,12.031308750474311,0.9349397590361446,82.89227807828605,0.9500000000000001,4.0,12.310826822763467
19.729866946119017,15.342062848091125,12.07122208728417,0.9373493975903614,88.07304545817895,0.9500000000000001,4.25,12.37001726800706
19.729866931617167,15.34206283783051,12.117680555168404,0.946987951807229,93.25381283807184,0.9500000000000001,4.5,12.493584169626235
19.729866917115324,15.342062827569892,12.170323372405695,0.9566265060240964,98.4345802179647,0.9500000000000001,4.75,12.623335420598465
19.729866902613487,15.342062817309277,12.22741334374554,0.9614457831325302,103.61534759785758,0.9500000000000001,5.0,12.718979608805782
19.729866888111662,15.34206280704866,12.288478103458166,0.9614457831325302,108.79611497775046,0.9500000000000001,5.25,12.780044368518407
19.729866873609843,15.34206279678804,12.354315032674608,0.9710843373493976,113.97688235764335,0.9500000000000001,5.5,12.922989731469787
19.72986685910804,15.342062786527428,12.422985103114545,0.9783132530120482,119.15764973753622,0.9500000000000001,5.75,13.049491127210931
19.729866844606242,15.342062776266811,12.494754471663969,0.9783132530120482,124.3384171174291,0.9500000000000001,6.0,13.121260495760353
19.729866830104456,15.342062766006194,12.569107428916967,0.980722891566265,129.51918449732196,0.9500000000000001,6.25,13.214890561447087
19.729866815602676,15.342062755745577,12.64635447301922,0.983132530120482,134.69995187721486,0.9500000000000001,6.5,13.311414713983076
19.729866801100908,15.342062745484961,12.725754594907706,0.983132530120482,139.88071925710773,0.9500000000000001,6.75,13.390814835871561
19.72986678659915,15.342062735224344,12.80689190674403,0.983132530120482,145.06148663700063,0.9500000000000001,7.0,13.471952147707885
19.729866772097402,15.342062724963727,12.890303872520667,0.983132530120482,150.2422540168935,0.9500000000000001,7.25,13.555364113484522
19.72986675759566,15.34206271470311,12.976261073781783,0.983132530120482,155.42302139678637,0.9500000000000001,7.5,13.641321314745639
19.729866743093933,15.342062704442496,13.064214803496041,0.9855421686746988,160.60378877667924,0.9500000000000001,7.75,13.74855215289363
19.72986672859221,15.342062694181877,13.1541036478755,0.9903614457831326,165.7845561565721,0.9500000000000001,8.0,13.87699521414056
19.844291690462057,15.412857388415969,14.040879273357163,0.21204819277108433,10.906878694511322,1.0,0.5,19.54449373118849
19.84429167063623,15.41285738244114,13.574065057857926,0.3204819277108434,16.360318041766988,1.0,0.75,18.21020963617118
19.84429165081041,15.412857376466315,13.220209729987454,0.43132530120481927,21.813757389022644,1.0,1.0,16.9696073203489
19.8442916309846,15.412857370491487,12.947306953740409,0.5084337349397591,27.267196736278304,1.0,1.25,16.079837074222336
19.844291611158802,15.41285736451666,12.732977555631155,0.5855421686746988,32.720636083533975,1.0,1.5,15.248640206233565
19.844291591333015,15.412857358541833,12.5760718442733,0.6506024096385542,38.17407543078963,1.0,1.75,14.571252567164867
19.844291571507238,15.412857352567006,12.465363211574324,0.7180722891566265,43.62751477804529,1.0,2.0,13.920784898321312
19.84429155168147,15.41285734659218,12.394938980757471,0.7542168674698795,49.080954125300956,1.0,2.25,13.561204040998437
19.844291531855713,15.412857340617352,12.353593374160399,0.7975903614457831,54.53439347255661,1.0,2.5,13.172870482594135
19.84429151202996,15.412857334642524,12.3382920871298,0.8337349397590361,59.987832819812276,1.0,2.75,12.868412569057512
19.844291492204228,15.412857328667698,12.34336694855288,0.8722891566265061,65.44127216706795,1.0,3.0,12.565053695540833
19.8442914723785,15.41285732269287,12.363917953824421,0.891566265060241,70.89471151432362,1.0,3.25,12.431387833342495
19.84429145255278,15.412857316718044,12.398973348571594,0.9156626506024096,76.34815086157926,1.0,3.5,12.524274553390871
19.844291432727076,15.412857310743217,12.449686759063997,0.927710843373494,81.80159020883491,1.0,3.75,12.67137350605195
19.84429141290138,15.412857304768389,12.511129188077994,0.9397590361445783,87.25502955609058,1.0,4.0,12.829201477234621
19.844291393075693,15.412857298793563,12.579483832106535,0.9421686746987952,92.70846890334624,1.0,4.25,12.916833229696895
19.84429137325002,15.412857292818735,12.65278397169458,0.9542168674698795,98.16190825060191,1.0,4.5,13.086518911453616
19.844291353424357,15.41285728684391,12.729668570311672,0.963855421686747,103.61534759785758,1.0,4.75,13.240511943805647
19.844291333598697,15.412857280869082,12.811739154723753,0.963855421686747,109.06878694511322,1.0,5.0,13.32258252821773
19.844291313773056,15.412857274894254,12.898189574609319,0.9710843373493976,114.52222629236888,1.0,5.25,13.4668642734045
19.84429129394742,15.412857268919428,12.988229852584473,0.9759036144578314,119.97566563962455,1.0,5.5,13.595458768247124
19.8442912741218,15.4128572629446,13.080985765055,0.9783132530120482,125.42910498688022,1.0,5.75,13.707491789151387
19.844291254296184,15.412857256969774,13.176495935371122,0.983132530120482,130.8825443341359,1.0,6.0,13.841556176334977
19.84429123447058,15.412857250994946,13.274654018735308,0.983132530120482,136.33598368139153,1.0,6.25,13.939714259699164
19.84429121464499,15.412857245020119,13.374738552713968,0.983132530120482,141.78942302864718,1.0,6.5,14.039798793677823
19.844291194819405,15.412857239045293,13.476085466419358,0.983132530120482,147.2428623759029,1.0,6.75,14.141145707383213
19.84429117499383,15.412857233070465,13.578641118198993,0.983132530120482,152.6963017231585,1.0,7.0,14.243701359162849
19.84429115516827,15.412857227095639,13.683264047726093,0.983132530120482,158.1497410704142,1.0,7.25,14.348324288689948
19.84429113534272,15.412857221120811,13.789859370151198,0.9855421686746988,163.60318041766982,1.0,7.5,14.47419671954879
19.84429111551718,15.412857215145984,13.898182829948793,0.9855421686746988,169.05661976492553,1.0,7.75,14.582520179346382
19.84429109569165,15.412857209171158,14.008510376344244,0.9903614457831326,174.51005911218115,1.0,8.0,14.731401942609304
