rmse,mae,crps,coverage90,width90,month,method,n,gap_days
19.041139602661133,16.647294998168945,16.647295316060383,0.0,0.0,2010-01,Neighbor,12,1
18.87784194946289,17.24518585205078,17.24518616994222,0.0,0.0,2010-01,Laplacian,12,1
13.876340866088867,8.153997421264648,6.181352282011951,0.5833333333333334,16.28166845639547,2010-01,Diffusion,12,1
29.36997413635254,24.666109085083008,17.737018443644047,0.4166666666666667,44.95581120649973,2010-01,UNet,12,1
29.369966506958008,24.666107177734375,16.753336908916634,0.8333333333333334,89.91162236531575,2010-01,UNet_cal,12,1
24.603225708007812,19.738388061523438,14.972054810523986,1.0,119.49768360455833,2010-01,Fusion,12,1
60.91191864013672,57.18388748168945,57.183887799580894,0.0,0.0,2010-02,Neighbor,24,3
69.58428955078125,65.80117797851562,65.80117416381836,0.0,0.0,2010-02,Laplacian,24,3
10.099808692932129,7.9424920082092285,6.185866427642328,0.8333333333333334,31.67232510248819,2010-02,Diffusion,24,3
28.689266204833984,24.813995361328125,20.599411204457283,0.2916666666666667,23.17836395899454,2010-02,UNet,24,3
28.68926429748535,24.813995361328125,18.385955467820168,0.5,46.35672793388366,2010-02,UNet_cal,24,3
23.659284591674805,19.85157585144043,14.610032544930776,0.7083333333333334,57.53628177642825,2010-02,Fusion,24,3
34.91075897216797,28.332061767578125,28.332062180836996,0.0,0.0,2010-03,Neighbor,60,4
30.332656860351562,24.651857376098633,24.651856708526612,0.0,0.0,2010-03,Laplacian,60,4
37.13336944580078,29.140451431274414,24.527558882148178,0.4,34.617604827880854,2010-03,Diffusion,60,4
21.30006217956543,17.432857513427734,13.212995618581772,0.36666666666666664,27.841817375818888,2010-03,UNet,60,4
21.300060272216797,17.4328556060791,12.172687470912933,0.8,55.68363510767619,2010-03,UNet_cal,60,4
22.30632972717285,17.885305404663086,12.922539442062378,0.85,72.41975279808045,2010-03,Fusion,60,4
18.955631256103516,15.896252632141113,15.8962526957194,0.0,0.0,2010-04,Neighbor,15,1
23.70730209350586,20.684558868408203,20.684556833902995,0.0,0.0,2010-04,Laplacian,15,1
6.806657314300537,5.106123924255371,3.7695154878815327,0.7333333333333333,15.602175343831382,2010-04,Diffusion,15,1
14.59559154510498,12.6205472946167,9.208655341466267,0.6666666666666666,29.231599985758464,2010-04,UNet,15,1
14.595589637756348,12.62054443359375,10.336755847930908,1.0,58.46319997151692,2010-04,UNet_cal,15,1
12.04348373413086,10.098660469055176,7.836022405624391,1.0,73.12937951405844,2010-04,Fusion,15,1
19.23909568786621,15.175618171691895,15.175618489583334,0.0,0.0,2010-05,Neighbor,12,2
19.262466430664062,15.148653984069824,15.148654301961264,0.0,0.0,2010-05,Laplacian,12,2
20.26030921936035,15.497458457946777,11.682587034172483,0.5,31.36625075340271,2010-05,Diffusion,12,2
19.199485778808594,13.807915687561035,11.058336516221365,0.6666666666666666,28.100005197525025,2010-05,UNet,12,2
19.199487686157227,13.807918548583984,11.243513604005178,0.75,56.20001166661581,2010-05,UNet_cal,12,2
19.113950729370117,13.779669761657715,10.253366382916768,1.0,71.36164315541588,2010-05,Fusion,12,2
18.273967742919922,14.863082885742188,14.863084316253662,0.0,0.0,2010-06,Neighbor,40,4
18.428730010986328,15.054315567016602,15.054315662384033,0.0,0.0,2010-06,Laplacian,40,4
12.62933349609375,10.138514518737793,7.5592448933257,0.75,33.26779593706131,2010-06,Diffusion,40,4
15.058917045593262,12.203943252563477,8.9079591922462,0.85,38.810391395092005,2010-06,UNet,40,4
15.058916091918945,12.20394229888916,9.681307798624038,1.0,77.62078232288358,2010-06,UNet_cal,40,4
13.36465072631836,10.866537094116211,8.364205071687698,1.0,72.85455273628239,2010-06,Fusion,40,4
25.14151382446289,23.33968162536621,23.339680989583332,0.0,0.0,2010-07,Neighbor,6,1
25.013046264648438,23.22119140625,23.22119140625,0.0,0.0,2010-07,Laplacian,6,1
4.227940559387207,3.5771663188934326,3.2530103083010076,1.0,36.27655919392904,2010-07,Diffusion,6,1
8.479506492614746,6.386560916900635,5.522990345954895,1.0,27.26852925618488,2010-07,UNet,6,1
8.479510307312012,6.386566162109375,6.7451707522074384,1.0,54.537055206298795,2010-07,UNet_cal,6,1
7.144877910614014,5.3867058753967285,5.401881287892659,1.0,58.858511606852254,2010-07,Fusion,6,1
23.929689407348633,19.336467742919922,19.3364688873291,0.0,0.0,2010-08,Neighbor,20,5
23.926605224609375,19.328521728515625,19.32851905822754,0.0,0.0,2010-08,Laplacian,20,5
27.107572555541992,21.30189323425293,17.59268701341417,0.45,34.72423849105834,2010-08,Diffusion,20,5
20.620519638061523,16.462574005126953,12.371657967567444,0.5,33.68937528610229,2010-08,UNet,20,5
20.620513916015625,16.462568283081055,11.799150657653808,0.9,67.378750705719,2010-08,UNet_cal,20,5
21.181232452392578,16.5534725189209,12.1382097325325,0.95,83.61733105659488,2010-08,Fusion,20,5
27.23735809326172,22.748445510864258,22.748446782430012,0.0,0.0,2010-09,Neighbor,36,4
23.45777130126953,18.76142120361328,18.76141929626465,0.0,0.0,2010-09,Laplacian,36,4
22.24219512939453,16.818754196166992,12.889427697217025,0.6111111111111112,41.61168306138781,2010-09,Diffusion,36,4
19.026962280273438,15.627493858337402,11.851702060964373,0.6111111111111112,32.12482697168985,2010-09,UNet,36,4
19.026962280273438,15.62749195098877,12.049051529831356,0.8611111111111112,64.24965409172904,2010-09,UNet_cal,36,4
18.09278106689453,14.203145980834961,10.810538458824158,0.9722222222222222,89.71592150794137,2010-09,Fusion,36,4
18.652393341064453,14.794755935668945,14.794756931728786,0.0,0.0,2010-10,Neighbor,90,6
20.345787048339844,17.6654052734375,17.66540609995524,0.0,0.0,2010-10,Laplacian,90,6
37.05670166015625,30.727134704589844,25.195759732193416,0.14444444444444443,31.18940665668911,2010-10,Diffusion,90,6
17.335193634033203,13.319283485412598,10.21429522484541,0.7111111111111111,34.48987254884508,2010-10,UNet,90,6
17.335193634033203,13.319284439086914,11.456937386592228,0.8888888888888888,68.9797452545166,2010-10,UNet_cal,90,6
20.572296142578125,16.14382553100586,11.93405885447396,0.8888888888888888,87.40338960223728,2010-10,Fusion,90,6
42.028419494628906,34.74730682373047,34.74730734825134,0.0,0.0,2010-11,Neighbor,40,2
34.87273406982422,30.61431884765625,30.614317989349367,0.0,0.0,2010-11,Laplacian,40,2
27.824764251708984,23.90285873413086,19.484647187259462,0.325,29.082085046768192,2010-11,Diffusion,40,2
27.119808197021484,19.499197006225586,16.303576309233904,0.55,26.190436147451397,2010-11,UNet,40,2
27.119808197021484,19.499197006225586,15.824763630330562,0.675,52.380872344970705,2010-11,UNet_cal,40,2
25.407155990600586,18.194503784179688,14.646487577199935,0.775,63.73066412925722,2010-11,Fusion,40,2
19.359342575073242,16.347301483154297,16.347302786509196,0.0,0.0,2010-12,Neighbor,60,6
19.467884063720703,16.430130004882812,16.430129750569662,0.0,0.0,2010-12,Laplacian,60,6
26.83280372619629,23.768184661865234,19.87198726512768,0.15,22.73478320439656,2010-12,Diffusion,60,6
13.524958610534668,11.780170440673828,8.668288425231973,0.65,25.566425984700512,2010-12,UNet,60,6
13.524959564208984,11.780172348022461,8.716545876860618,0.9333333333333333,51.132852312723784,2010-12,UNet_cal,60,6
14.787360191345215,12.982942581176758,9.245476854085922,0.9166666666666666,56.36825329144797,2010-12,Fusion,60,6
14.48668384552002,11.232080459594727,11.232080507278443,0.0,0.0,2011-01,Neighbor,40,4
12.807380676269531,9.998242378234863,9.998242902755738,0.0,0.0,2011-01,Laplacian,40,4
29.28097915649414,23.55097007751465,18.965054537521468,0.4,35.510611894130705,2011-01,Diffusion,40,4
17.446496963500977,13.279150009155273,10.56104544699192,0.55,25.38980503559112,2011-01,UNet,40,4
17.446496963500977,13.279150009155273,10.089618045836687,0.825,50.779610018730146,2011-01,UNet_cal,40,4
19.33620834350586,14.907696723937988,11.075849590063095,0.875,59.611025183200866,2011-01,Fusion,40,4
14.239909172058105,11.079610824584961,11.079610872268677,0.0,0.0,2011-02,Neighbor,40,5
14.26692008972168,11.086809158325195,11.086808061599731,0.0,0.0,2011-02,Laplacian,40,5
15.828376770019531,11.906129837036133,9.468245858285162,0.65,23.098916068077084,2011-02,Diffusion,40,5
15.001883506774902,11.417566299438477,8.710141845047474,0.7,27.051436345577237,2011-02,UNet,40,5
15.001882553100586,11.417566299438477,9.472936202585696,0.925,54.102872629165645,2011-02,UNet_cal,40,5
14.708279609680176,11.219095230102539,8.567121108651161,0.95,66.62450621843338,2011-02,Fusion,40,5
36.66648864746094,30.803516387939453,30.803514862060545,0.0,0.0,2011-03,Neighbor,10,1
36.45808029174805,30.67059326171875,30.670594024658204,0.0,0.0,2011-03,Laplacian,10,1
11.466084480285645,9.319091796875,7.34776541656918,0.4,14.917439327239986,2011-03,Diffusion,10,1
26.64619255065918,22.915353775024414,17.37689701318741,0.4,30.21687702178955,2011-03,UNet,10,1
26.646190643310547,22.91535186767578,15.871468269824982,0.8,60.43375381469726,2011-03,UNet_cal,10,1
22.16231346130371,19.312822341918945,14.811760745048522,0.9,71.94909358978273,2011-03,Fusion,10,1
42.04655075073242,28.427099227905273,28.427100830078125,0.0,0.0,2011-04,Neighbor,25,1
34.59113693237305,26.860668182373047,26.86066711425781,0.0,0.0,2011-04,Laplacian,25,1
22.319433212280273,16.381877899169922,12.455796558592056,0.68,35.68994918060302,2011-04,Diffusion,25,1
30.555246353149414,20.576810836791992,17.468902249336242,0.68,34.52018872833251,2011-04,UNet,25,1
30.55524444580078,20.576810836791992,17.4727125453949,0.76,69.04037765502929,2011-04,UNet_cal,25,1
27.32863998413086,18.244447708129883,14.217464016342163,0.84,88.440691444397,2011-04,Fusion,25,1
17.378929138183594,12.499388694763184,12.499388813972473,0.0,0.0,2011-05,Neighbor,32,4
17.406982421875,12.457157135009766,12.457156896591187,0.0,0.0,2011-05,Laplacian,32,4
23.956222534179688,20.019792556762695,15.873727917671204,0.34375,28.734706294536586,2011-05,Diffusion,32,4
19.780288696289062,14.657918930053711,11.388821200467646,0.78125,43.05574373304843,2011-05,UNet,32,4
19.780288696289062,14.657918930053711,13.004507372155786,0.9375,86.11148729920386,2011-05,UNet_cal,32,4
18.50727653503418,13.644856452941895,10.897326741218567,0.9375,99.82549830675127,2011-05,Fusion,32,4
65.46208190917969,48.852439880371094,48.85244417190552,0.0,0.0,2011-06,Neighbor,80,4
38.55327606201172,30.689844131469727,30.68984260559082,0.0,0.0,2011-06,Laplacian,80,4
36.99942398071289,29.774185180664062,23.278021414412393,0.4375,54.52142183780668,2011-06,Diffusion,80,4
27.606584548950195,22.556961059570312,17.017872004956008,0.55,42.64733550548553,2011-06,UNet,80,4
27.606586456298828,22.556961059570312,16.898843275010584,0.875,85.29467141151427,2011-06,UNet_cal,80,4
27.201946258544922,21.916763305664062,15.954063569188117,0.9375,110.27979790925981,2011-06,Fusion,80,4
26.49922752380371,21.21833610534668,21.21833652920193,0.0,0.0,2011-07,Neighbor,36,6
26.54702377319336,21.26682472229004,21.266825993855793,0.0,0.0,2011-07,Laplacian,36,6
22.888460159301758,17.69961929321289,13.403628677497675,0.6944444444444444,45.89720866945054,2011-07,Diffusion,36,6
24.617919921875,20.839111328125,16.03593749470181,0.3611111111111111,31.585712920294863,2011-07,UNet,36,6
24.617918014526367,20.839107513427734,14.67494562599394,0.8055555555555556,63.17142541673448,2011-07,UNet_cal,36,6
23.003803253173828,19.27214813232422,13.426721751425001,0.8888888888888888,77.97931811014813,2011-07,Fusion,36,6
23.098968505859375,18.371458053588867,18.371459234328498,0.0,0.0,2011-08,Neighbor,84,7
20.599008560180664,16.227561950683594,16.227561405726842,0.0,0.0,2011-08,Laplacian,84,7
22.823217391967773,18.010812759399414,13.372727561249306,0.7380952380952381,49.11482690629505,2011-08,Diffusion,84,7
16.90216636657715,13.34107780456543,10.298778464396795,0.5357142857142857,28.522673656826917,2011-08,UNet,84,7
16.90216827392578,13.341075897216797,10.263943121546792,0.8452380952380952,57.04534746805825,2011-08,UNet_cal,84,7
16.949613571166992,13.515680313110352,9.909976609774999,0.9166666666666666,73.20978450775146,2011-08,Fusion,84,7
17.765918731689453,14.334732055664062,14.334732309977214,0.0,0.0,2011-09,Neighbor,60,5
17.51641273498535,14.573917388916016,14.573918279012045,0.0,0.0,2011-09,Laplacian,60,5
22.681148529052734,18.194580078125,13.235067917682507,0.7333333333333333,48.86712129592896,2011-09,Diffusion,60,5
18.64755630493164,14.498835563659668,10.573323188225428,0.6666666666666666,39.616788794199614,2011-09,UNet,60,5
18.64755630493164,14.498835563659668,11.616597547133763,0.9666666666666667,79.23357788085936,2011-09,UNet_cal,60,5
18.03431510925293,14.523614883422852,10.883611986955007,1.0,96.86640143394473,2011-09,Fusion,60,5
41.64524459838867,36.95530700683594,36.955309549967446,0.0,0.0,2011-10,Neighbor,12,1
24.467287063598633,22.750112533569336,22.750111897786457,0.0,0.0,2011-10,Laplacian,12,1
16.77344512939453,11.533844947814941,8.026802129215666,0.8333333333333334,41.14150282541911,2011-10,Diffusion,12,1
35.4307746887207,29.826797485351562,24.111142059167225,0.3333333333333333,40.480127525329586,2011-10,UNet,12,1
35.430782318115234,29.826807022094727,21.651827931404114,0.5833333333333334,80.96025505065917,2011-10,UNet_cal,12,1
29.866477966308594,24.5941104888916,18.446160230636597,0.9166666666666666,114.51190532048544,2011-10,Fusion,12,1
27.66278076171875,21.776641845703125,21.7766409942082,0.0,0.0,2011-11,Neighbor,112,7
19.43459701538086,14.902140617370605,14.902140685490199,0.0,0.0,2011-11,Laplacian,112,7
17.085229873657227,13.73275089263916,10.335380161328922,0.625,33.094919797352375,2011-11,Diffusion,112,7
15.595260620117188,12.860743522644043,9.716253318424735,0.6339285714285714,29.462918053354535,2011-11,UNet,112,7
15.595260620117188,12.860742568969727,9.943639349724565,0.8392857142857143,58.92583620377949,2011-11,UNet_cal,112,7
13.286542892456055,10.722822189331055,8.062702662263598,0.9732142857142857,70.3091217841421,2011-11,Fusion,112,7
19.655263900756836,14.88074016571045,14.88074016571045,0.0,0.0,2011-12,Neighbor,16,2
19.56622314453125,14.860845565795898,14.860845565795898,0.0,0.0,2011-12,Laplacian,16,2
28.723363876342773,26.725074768066406,22.613954302337437,0.125,22.744003760814664,2011-12,Diffusion,16,2
14.676840782165527,11.545916557312012,9.312332317233086,0.4375,20.88936818838119,2011-12,UNet,16,2
14.676844596862793,11.545915603637695,8.792621932923794,0.6875,41.77873644828795,2011-12,UNet_cal,16,2
14.16603946685791,12.949142456054688,8.831361308991909,0.8125,46.58010932207109,2011-12,Fusion,16,2
