rmse,mae,crps,coverage90,width90,g,objective
19.8442916309846,15.412857370491487,12.952133163342992,0.29397590361445786,15.390280986234364,0.5,17.800325934427327
19.844291581420123,15.41285735555442,12.269708164844168,0.4795180722891566,23.08542147935154,0.75,15.633563586530915
19.844291531855713,15.412857340617352,11.869680385417249,0.6,30.78056197246873,1.0,14.26968038541725
19.84429148229136,15.412857325680285,11.672033985048891,0.6819277108433734,38.47570246558592,1.25,13.416612298301903
19.844291432727076,15.412857310743217,11.620821030025022,0.7493975903614458,46.17084295870309,1.5,12.825640307133455
19.844291383162854,15.41285729580615,11.713167291879653,0.8048192771084337,53.86598345182028,1.75,12.474613075012183
19.844291333598697,15.412857280869082,11.92100625038147,0.8481927710843373,61.56112394493746,2.0,12.335464081706771
19.844291284034608,15.412857265932015,12.2295562135886,0.8843373493975903,69.25626443805464,2.25,12.354857418407878
19.84429123447058,15.412857250994946,12.610802737345178,0.9108433734939759,76.95140493117184,2.5,12.697549725296986
19.84429118490662,15.41285723605788,13.057160060017942,0.9397590361445783,84.646545424289,2.75,13.375232349174569
19.84429113534272,15.412857221120811,13.5544577538249,0.9542168674698795,92.34168591740617,3.0,13.988192693583937
19.844291085778885,15.412857206183745,14.090445807253023,0.9542168674698795,100.03682641052337,3.25,14.524180747012059
19.844291036215115,15.412857191246676,14.66269483437021,0.9614457831325302,107.73196690364054,3.5,15.154261099430451
19.84429098665141,15.41285717630961,15.27408890085048,0.963855421686747,115.42710739675775,3.75,15.784932274344456
19.844290937087766,15.412857161372541,15.91230551363474,0.9710843373493976,123.12224788987491,4.0,16.48098021242992
19.84429088752419,15.412857146435474,16.567802663955344,0.9759036144578314,130.81738838299208,4.25,17.175031579617993
19.844290837960674,15.412857131498406,17.23566355317472,0.9783132530120482,138.5125288761093,4.5,17.862169577271107
19.844290788397227,15.412857116561337,17.912485589966717,0.980722891566265,146.20766936922647,4.75,18.558268722496837
19.84429073883384,15.41285710162427,18.60227259124618,0.983132530120482,153.90280986234367,5.0,19.267332832210037
19.844290689270522,15.412857086687202,19.303009181209358,0.983132530120482,161.59795035546082,5.25,19.968069422173215
19.844290639707264,15.412857071750135,20.012720416396498,0.9903614457831326,169.293090848578,5.5,20.73561198266156
19.844290590144073,15.412857056813067,20.729220737822086,0.9927710843373494,176.98823134169518,5.75,21.47138941252088
19.844290540580946,15.412857041876,21.45260670386165,0.9927710843373494,184.68337183481233,6.0,22.194775378560447
19.84429049101788,15.412857026938932,22.182612452521383,0.9927710843373494,192.37851232792957,6.25,22.92478112722018
19.844290441454884,15.412857012001865,22.917434327717288,0.9927710843373494,200.07365282104675,6.5,23.659603002416084
19.84429039189195,15.412856997064797,23.65541215223002,0.9927710843373494,207.76879331416393,6.75,24.397580826928817
19.844290342329078,15.41285698212773,24.396411821928368,0.9927710843373494,215.4639338072811,7.0,25.138580496627164
19.84429029276627,15.412856967190661,25.14257968599538,0.9951807228915662,223.15907430039826,7.25,25.90402546912791
19.844290243203528,15.412856952253595,25.893678532307405,0.9951807228915662,230.8542147935155,7.5,26.655124315439934
19.844290193640852,15.412856937316526,26.649097722050655,0.9975903614457832,238.54935528663268,7.75,27.42982061361692
19.844290144078236,15.41285692237946,27.409527128288545,0.9975903614457832,246.24449577974983,8.0,28.19025001985481
